Product Name,Category,Quantity,Buying Price,Selling Price,Batch Number,Expiry Date (YYYY-MM-DD)
Bandages 250mg - 76,Painkillers,382,133,167,BATCH-202511-4941,2027-12-18
Metformin 250mg - 88,Cardiovascular,414,2233,2964,BATCH-202511-1101,2027-07-19
Amoxicillin 1000mg - 94,Vitamins,137,757,910,BATCH-202511-4733,2028-06-11
Diclofenac 250mg - 29,Cardiovascular,230,1868,2337,BATCH-202511-6373,2028-10-29
Paracetamol 250mg - 70,Cardiovascular,286,3212,4741,BATCH-202511-6530,2027-09-02
Loratadine 1000mg - 47,Supplements,278,1867,2662,BATCH-202511-4126,2028-10-14
Ciprofloxacin 1000mg - 96,Supplements,253,2453,3188,BATCH-202511-4924,2028-08-29
Paracetamol 250mg - 41,Vitamins,240,2520,3758,BATCH-202511-3070,2028-06-05
Azithromycin 250mg - 22,Vitamins,450,1287,1914,BATCH-202511-4192,2028-05-06
Aspirin 500mg - 17,Cardiovascular,72,2301,3443,BATCH-202511-7602,2026-12-20
Ciprofloxacin 250mg - 98,Antibiotics,408,1592,2362,BATCH-202511-8453,2027-01-11
Omeprazole 1000mg - 91,Dermatology,360,3481,4635,BATCH-202511-5256,2027-05-04
Doxycycline 250mg - 2,Cardiovascular,445,4868,7176,BATCH-202511-4006,2027-10-10
Doxycycline 250mg - 29,First Aid,229,4206,6027,BATCH-202511-8445,2028-03-15
Vitamin C 500mg - 6,Supplements,344,537,654,BATCH-202511-6346,2028-01-06
Ibuprofen 1000mg - 40,Vitamins,143,990,1311,BATCH-202511-4730,2028-03-15
Diclofenac 1000mg - 7,Painkillers,255,1577,2094,BATCH-202511-3324,2027-06-25
Diclofenac 500mg - 79,Antibiotics,479,1505,2085,BATCH-202511-1777,2028-05-14
Aspirin 250mg - 20,Vitamins,496,3750,5105,BATCH-202511-8525,2027-12-25
Omeprazole 1000mg - 23,Dermatology,438,4942,6914,BATCH-202511-6857,2026-12-25
Vitamin C 500mg - 10,Dermatology,197,1077,1336,BATCH-202511-1929,2027-08-17
Omeprazole 500mg - 99,Vitamins,186,908,1269,BATCH-202511-6649,2027-05-02
Azithromycin 500mg - 43,Vitamins,332,2786,4019,BATCH-202511-1290,2027-03-06
Ciprofloxacin 250mg - 94,Dermatology,196,2064,2597,BATCH-202511-5366,2027-06-18
Vitamin C 250mg - 29,Painkillers,164,3942,5840,BATCH-202511-4334,2028-09-18
Vitamin C 250mg - 86,Supplements,23,2538,3614,BATCH-202511-3070,2028-08-24
Azithromycin 250mg - 35,Cardiovascular,466,4737,6641,BATCH-202511-3484,2028-06-24
Ibuprofen 500mg - 7,First Aid,500,926,1189,BATCH-202511-4537,2026-12-15
Ibuprofen 1000mg - 49,Supplements,205,1397,1850,BATCH-202511-5581,2028-11-13
Ibuprofen 500mg - 91,Painkillers,489,4571,5621,BATCH-202511-1115,2027-11-08
Metformin 500mg - 18,Vitamins,258,1832,2245,BATCH-202511-8341,2027-12-03
Aspirin 500mg - 18,Supplements,330,2814,3726,BATCH-202511-9043,2027-11-08
Cetirizine 500mg - 7,Vitamins,392,3434,4223,BATCH-202511-4372,2028-11-11
Ciprofloxacin 250mg - 12,Dermatology,471,4858,6961,BATCH-202511-1513,2027-10-04
Amlodipine 500mg - 75,First Aid,185,3302,4487,BATCH-202511-9878,2026-12-28
Azithromycin 500mg - 54,Cardiovascular,253,1224,1528,BATCH-202511-8184,2028-04-28
Vitamin C 1000mg - 72,Cardiovascular,171,1887,2720,BATCH-202511-2350,2028-03-16
Doxycycline 500mg - 17,Vitamins,202,3754,4598,BATCH-202511-7120,2028-09-25
Aspirin 1000mg - 19,Painkillers,306,613,737,BATCH-202511-2763,2028-03-03
Amlodipine 1000mg - 65,Vitamins,291,2993,3768,BATCH-202511-1171,2026-12-25
Diclofenac 500mg - 11,First Aid,107,2434,3298,BATCH-202511-6657,2028-06-02
Diclofenac 250mg - 49,Painkillers,344,1503,2180,BATCH-202511-9205,2026-12-16
Loratadine 500mg - 76,Vitamins,137,3691,4867,BATCH-202511-5920,2027-10-16
Azithromycin 250mg - 14,Cardiovascular,56,3079,4617,BATCH-202511-6709,2027-12-16
Cetirizine 250mg - 54,Vitamins,394,2012,2961,BATCH-202511-5534,2027-09-13
Omeprazole 500mg - 98,Antibiotics,453,4395,5674,BATCH-202511-6725,2028-09-21
Paracetamol 1000mg - 75,First Aid,256,2701,4024,BATCH-202511-1583,2027-01-09
Aspirin 500mg - 67,Antibiotics,99,117,164,BATCH-202511-7923,2027-07-24
Amoxicillin 500mg - 72,Dermatology,492,1034,1524,BATCH-202511-4934,2028-04-08
Bandages 250mg - 40,First Aid,250,2060,2884,BATCH-202511-2532,2027-11-24
Diclofenac 250mg - 35,Supplements,273,2127,2704,BATCH-202511-7726,2027-02-05
Doxycycline 250mg - 63,Painkillers,435,4897,6166,BATCH-202511-6209,2027-09-20
Amlodipine 250mg - 43,Dermatology,54,1478,1922,BATCH-202511-3261,2028-02-01
Bandages 500mg - 20,Supplements,397,3425,4684,BATCH-202511-5887,2027-09-06
Doxycycline 250mg - 54,Antibiotics,201,519,680,BATCH-202511-5473,2028-09-19
Amlodipine 500mg - 64,Antibiotics,132,1874,2327,BATCH-202511-4478,2027-05-19
Amlodipine 1000mg - 26,Vitamins,327,1694,2042,BATCH-202511-4632,2028-08-15
Loratadine 250mg - 82,Painkillers,202,3202,3883,BATCH-202511-7336,2028-05-15
Doxycycline 1000mg - 88,Antibiotics,315,349,517,BATCH-202511-8719,2028-05-20
Ibuprofen 500mg - 98,Vitamins,315,4224,6100,BATCH-202511-7110,2027-10-09
Omeprazole 250mg - 14,Cardiovascular,113,879,1238,BATCH-202511-5244,2028-11-14
Azithromycin 1000mg - 3,Painkillers,498,841,1226,BATCH-202511-1511,2027-06-14
Omeprazole 250mg - 50,Antibiotics,476,3772,5396,BATCH-202511-4785,2028-06-10
Azithromycin 500mg - 11,First Aid,294,4323,5203,BATCH-202511-6414,2026-12-14
Diclofenac 250mg - 76,Dermatology,108,4801,6848,BATCH-202511-4514,2028-08-25
Bandages 1000mg - 4,Supplements,449,450,667,BATCH-202511-9005,2028-08-03
Metformin 1000mg - 1,Antibiotics,227,717,895,BATCH-202511-6944,2028-10-28
Cetirizine 500mg - 58,Antibiotics,201,2463,3010,BATCH-202511-5858,2028-08-20
Ibuprofen 1000mg - 24,Cardiovascular,118,430,624,BATCH-202511-6125,2027-07-05
Ciprofloxacin 250mg - 56,Painkillers,129,4960,6260,BATCH-202511-7896,2027-07-15
Vitamin C 500mg - 59,Supplements,136,3696,4757,BATCH-202511-3388,2028-08-01
Vitamin C 500mg - 80,First Aid,171,3822,5338,BATCH-202511-8234,2027-05-23
Loratadine 250mg - 96,Dermatology,53,4400,6565,BATCH-202511-1505,2028-06-01
Vitamin C 250mg - 31,Vitamins,455,554,801,BATCH-202511-5502,2028-10-06
Bandages 1000mg - 23,Painkillers,76,1906,2504,BATCH-202511-3210,2028-06-06
Doxycycline 250mg - 52,Antibiotics,494,3885,5549,BATCH-202511-7248,2028-09-02
Cetirizine 250mg - 6,First Aid,272,4022,6019,BATCH-202511-1931,2027-07-14
Loratadine 500mg - 54,First Aid,359,1562,2265,BATCH-202511-6540,2027-01-19
Metformin 500mg - 70,Supplements,457,4702,7042,BATCH-202511-4141,2028-04-12
Paracetamol 500mg - 27,First Aid,469,672,1006,BATCH-202511-2471,2027-07-17
Amlodipine 250mg - 68,Supplements,320,4384,6453,BATCH-202511-1200,2028-07-16
Loratadine 500mg - 54,Painkillers,97,1987,2972,BATCH-202511-3793,2027-07-29
Bandages 500mg - 18,Vitamins,394,1266,1691,BATCH-202511-8454,2028-08-04
Cetirizine 500mg - 81,Vitamins,167,4299,5877,BATCH-202511-4756,2028-02-12
Doxycycline 1000mg - 52,First Aid,188,3543,4492,BATCH-202511-4005,2027-11-04
Doxycycline 500mg - 4,First Aid,134,3397,4192,BATCH-202511-5512,2027-08-24
Cetirizine 250mg - 15,First Aid,175,605,753,BATCH-202511-4503,2028-05-05
Omeprazole 250mg - 9,Painkillers,79,4155,5303,BATCH-202511-5709,2028-08-17
Cetirizine 500mg - 65,Cardiovascular,215,4401,6208,BATCH-202511-8726,2027-08-20
Ibuprofen 1000mg - 91,Supplements,485,4572,6394,BATCH-202511-1775,2028-11-02
Ibuprofen 250mg - 98,Painkillers,220,4892,6443,BATCH-202511-4803,2027-10-26
Vitamin C 1000mg - 89,Supplements,329,4396,6487,BATCH-202511-4207,2027-02-04
Amoxicillin 250mg - 20,Antibiotics,488,1423,1799,BATCH-202511-1658,2028-03-31
Loratadine 500mg - 64,Supplements,483,4911,7346,BATCH-202511-5246,2028-07-12
Azithromycin 500mg - 35,Supplements,64,4282,6018,BATCH-202511-4749,2027-06-03
Metformin 500mg - 58,Painkillers,326,1570,2078,BATCH-202511-7030,2027-11-22
Vitamin C 250mg - 44,Dermatology,435,1245,1697,BATCH-202511-4626,2027-08-11
Bandages 500mg - 26,Dermatology,284,724,1067,BATCH-202511-7084,2028-01-08
Vitamin C 500mg - 28,Painkillers,188,1540,2155,BATCH-202511-4593,2028-07-19
Loratadine 500mg - 2,Supplements,224,316,410,BATCH-202511-2580,2027-10-28
Ibuprofen 500mg - 21,Dermatology,118,4950,6455,BATCH-202511-4922,2027-05-18
Azithromycin 1000mg - 19,First Aid,152,4676,6254,BATCH-202511-7508,2027-09-07
Diclofenac 500mg - 1,Painkillers,345,3364,4415,BATCH-202511-1022,2027-09-18
Cetirizine 250mg - 89,Cardiovascular,214,515,663,BATCH-202511-7051,2027-01-07
Azithromycin 250mg - 97,First Aid,227,3492,5100,BATCH-202511-6536,2027-07-13
Doxycycline 1000mg - 40,Vitamins,115,595,744,BATCH-202511-9146,2028-01-01
Aspirin 1000mg - 72,Vitamins,349,3974,4785,BATCH-202511-8467,2028-08-07
Metformin 250mg - 33,First Aid,52,4662,6167,BATCH-202511-7860,2027-09-03
Ibuprofen 250mg - 85,Cardiovascular,26,4360,5523,BATCH-202511-1718,2028-07-31
Amlodipine 500mg - 27,Vitamins,156,1588,2104,BATCH-202511-4062,2026-12-03
Amoxicillin 1000mg - 55,Supplements,161,1195,1500,BATCH-202511-4724,2028-09-05
Cetirizine 250mg - 46,Supplements,167,2746,3322,BATCH-202511-2686,2028-09-18
Ciprofloxacin 500mg - 52,Vitamins,484,2766,4003,BATCH-202511-4758,2028-09-12
Amlodipine 1000mg - 92,Vitamins,337,2585,3343,BATCH-202511-9516,2028-11-24
Doxycycline 250mg - 19,Vitamins,242,3589,4975,BATCH-202511-9824,2028-01-23
Bandages 250mg - 53,Cardiovascular,245,3369,4628,BATCH-202511-3999,2027-01-07
Amoxicillin 500mg - 64,Cardiovascular,338,1615,2177,BATCH-202511-8178,2028-02-21
Amlodipine 1000mg - 22,Dermatology,233,1089,1323,BATCH-202511-4722,2026-11-30
Diclofenac 1000mg - 19,Antibiotics,133,2801,3480,BATCH-202511-6443,2027-04-29
Aspirin 250mg - 85,Supplements,259,4209,5309,BATCH-202511-6065,2028-05-11
Amlodipine 1000mg - 66,Dermatology,456,2084,3098,BATCH-202511-6291,2027-06-14
Bandages 250mg - 91,Antibiotics,82,2797,3930,BATCH-202511-4402,2027-05-20
Amoxicillin 1000mg - 19,Antibiotics,450,2789,4146,BATCH-202511-7189,2027-04-07
Omeprazole 500mg - 64,Painkillers,476,3028,4511,BATCH-202511-6929,2028-06-01
Ibuprofen 1000mg - 38,Vitamins,228,4383,5789,BATCH-202511-7638,2027-10-13
Amlodipine 500mg - 44,First Aid,72,4750,5960,BATCH-202511-6404,2027-08-30
Amoxicillin 1000mg - 15,Dermatology,241,327,428,BATCH-202511-3512,2027-03-05
Ibuprofen 500mg - 84,Vitamins,312,3745,4494,BATCH-202511-9493,2027-09-01
Doxycycline 1000mg - 20,Vitamins,172,2846,4238,BATCH-202511-4901,2027-01-27
Ciprofloxacin 250mg - 15,Cardiovascular,115,4226,5177,BATCH-202511-8964,2028-07-02
Bandages 500mg - 96,First Aid,471,4808,6618,BATCH-202511-9692,2028-02-06
Ciprofloxacin 500mg - 37,Cardiovascular,114,3215,4042,BATCH-202511-6387,2027-10-14
Amoxicillin 1000mg - 33,Antibiotics,56,794,1148,BATCH-202511-6561,2027-12-17
Aspirin 500mg - 84,Supplements,402,824,1017,BATCH-202511-6002,2027-01-29
Diclofenac 500mg - 95,Supplements,497,1675,2103,BATCH-202511-3969,2027-12-07
Vitamin C 1000mg - 22,First Aid,107,3908,5713,BATCH-202511-2058,2028-06-04
Diclofenac 500mg - 64,Cardiovascular,206,4523,6296,BATCH-202511-1864,2028-11-03
Diclofenac 250mg - 6,Painkillers,108,424,616,BATCH-202511-6328,2027-02-16
Aspirin 500mg - 16,Vitamins,393,1957,2503,BATCH-202511-1559,2027-09-02
Paracetamol 250mg - 42,Cardiovascular,212,3281,4168,BATCH-202511-7070,2027-01-08
Amoxicillin 250mg - 20,First Aid,487,3318,4690,BATCH-202511-9950,2027-06-12
Paracetamol 1000mg - 87,Antibiotics,143,1992,2832,BATCH-202511-2417,2027-11-08
Ciprofloxacin 1000mg - 40,Supplements,450,3793,4794,BATCH-202511-8520,2028-11-10
Amoxicillin 250mg - 14,Antibiotics,80,2575,3709,BATCH-202511-9765,2027-03-05
Amlodipine 1000mg - 82,Painkillers,53,3507,4426,BATCH-202511-9140,2028-05-15
Ciprofloxacin 250mg - 8,Antibiotics,89,1828,2420,BATCH-202511-3685,2027-08-02
Omeprazole 500mg - 41,Antibiotics,17,1204,1455,BATCH-202511-8583,2026-12-03
Cetirizine 1000mg - 24,Dermatology,51,710,901,BATCH-202511-6529,2028-02-14
Metformin 1000mg - 9,First Aid,266,3577,4800,BATCH-202511-2506,2027-08-17
Aspirin 250mg - 69,Painkillers,326,1349,1765,BATCH-202511-8302,2027-11-14
Aspirin 250mg - 14,First Aid,130,2988,4235,BATCH-202511-5740,2028-11-10
Azithromycin 250mg - 34,Antibiotics,411,490,642,BATCH-202511-1270,2028-09-25
Azithromycin 500mg - 13,Antibiotics,210,2211,2782,BATCH-202511-9915,2027-05-06
Aspirin 1000mg - 40,Vitamins,222,540,711,BATCH-202511-5463,2028-01-25
Azithromycin 250mg - 85,Vitamins,236,2219,3019,BATCH-202511-4170,2028-03-19
Diclofenac 250mg - 91,Supplements,278,2061,3072,BATCH-202511-4742,2028-01-14
Omeprazole 1000mg - 60,First Aid,484,681,915,BATCH-202511-9674,2028-01-13
Amoxicillin 500mg - 54,Dermatology,360,1384,1988,BATCH-202511-9572,2027-04-05
Metformin 500mg - 25,First Aid,284,4698,5953,BATCH-202511-8889,2027-11-15
Cetirizine 250mg - 29,Cardiovascular,87,4925,6306,BATCH-202511-8045,2028-01-12
Diclofenac 250mg - 25,Painkillers,10,3439,5015,BATCH-202511-4937,2027-02-14
Amoxicillin 1000mg - 72,Supplements,10,4042,5502,BATCH-202511-2148,2028-01-03
Doxycycline 500mg - 32,First Aid,360,3360,4871,BATCH-202511-9162,2027-03-19
Paracetamol 250mg - 83,First Aid,264,2357,3344,BATCH-202511-4374,2027-10-26
Diclofenac 500mg - 13,Antibiotics,89,1018,1426,BATCH-202511-6691,2028-09-24
Ciprofloxacin 250mg - 52,Dermatology,463,4822,6283,BATCH-202511-8803,2028-06-07
Vitamin C 250mg - 83,Cardiovascular,261,3806,5119,BATCH-202511-7405,2028-06-19
Paracetamol 250mg - 26,Dermatology,132,2699,3994,BATCH-202511-5016,2026-12-31
Omeprazole 500mg - 68,Cardiovascular,128,2003,2588,BATCH-202511-7024,2027-09-15
Cetirizine 250mg - 53,Dermatology,68,596,749,BATCH-202511-7925,2027-05-03
Omeprazole 250mg - 79,Supplements,240,834,1186,BATCH-202511-1531,2028-04-07
Aspirin 250mg - 61,Supplements,308,3486,4749,BATCH-202511-2517,2028-03-25
Amoxicillin 500mg - 35,Cardiovascular,464,3164,4290,BATCH-202511-1076,2027-07-13
Aspirin 1000mg - 24,Dermatology,90,2990,3873,BATCH-202511-7367,2027-06-29
Doxycycline 1000mg - 98,Dermatology,185,3363,5000,BATCH-202511-7736,2027-09-27
Bandages 1000mg - 84,Supplements,82,877,1174,BATCH-202511-4657,2028-09-08
Amoxicillin 500mg - 22,First Aid,110,126,165,BATCH-202511-4832,2028-10-26
Vitamin C 1000mg - 28,Vitamins,422,2715,3995,BATCH-202511-5477,2028-03-18
Bandages 250mg - 75,Cardiovascular,182,3193,3990,BATCH-202511-9269,2028-11-13
Paracetamol 250mg - 23,Cardiovascular,108,4936,7307,BATCH-202511-5123,2028-04-30
Amoxicillin 250mg - 61,Vitamins,342,1038,1438,BATCH-202511-8859,2027-11-16
Metformin 1000mg - 57,Cardiovascular,262,4615,6299,BATCH-202511-4625,2027-11-10
Amoxicillin 1000mg - 22,First Aid,125,3551,4411,BATCH-202511-1454,2026-12-07
Azithromycin 1000mg - 25,Supplements,115,664,895,BATCH-202511-6884,2026-12-29
Vitamin C 500mg - 49,First Aid,281,2188,3225,BATCH-202511-3324,2028-11-25
Azithromycin 1000mg - 13,Cardiovascular,378,650,781,BATCH-202511-8506,2027-12-20
Bandages 1000mg - 11,Vitamins,317,211,275,BATCH-202511-4349,2028-03-28
Diclofenac 250mg - 99,Dermatology,377,3514,4852,BATCH-202511-1931,2028-06-22
Amlodipine 250mg - 3,Dermatology,117,4803,5891,BATCH-202511-2123,2026-12-25
Paracetamol 1000mg - 12,Dermatology,138,2469,3196,BATCH-202511-2871,2027-08-04
Azithromycin 250mg - 75,Dermatology,101,4336,5848,BATCH-202511-2640,2027-04-09
Cetirizine 250mg - 70,Antibiotics,73,4909,6725,BATCH-202511-6013,2028-03-11
Loratadine 1000mg - 57,Vitamins,240,4462,5575,BATCH-202511-2389,2027-09-02
Doxycycline 1000mg - 14,Antibiotics,458,1333,1982,BATCH-202511-4416,2028-06-16
Ibuprofen 250mg - 26,First Aid,172,371,540,BATCH-202511-3314,2027-08-29
Vitamin C 500mg - 37,Dermatology,113,4003,5344,BATCH-202511-3844,2027-09-20
Loratadine 1000mg - 84,Cardiovascular,479,2560,3276,BATCH-202511-3697,2027-08-21
Ciprofloxacin 500mg - 3,Cardiovascular,167,1663,2377,BATCH-202511-5117,2028-07-22
Metformin 1000mg - 70,First Aid,377,1202,1634,BATCH-202511-7732,2028-10-24
Metformin 500mg - 79,Vitamins,59,4609,6814,BATCH-202511-5800,2028-11-05
Loratadine 250mg - 71,Vitamins,388,3449,4633,BATCH-202511-3631,2028-04-06
Amoxicillin 250mg - 52,Antibiotics,441,415,602,BATCH-202511-9549,2027-12-01
Vitamin C 250mg - 57,Vitamins,392,3999,5952,BATCH-202511-9497,2027-05-09
Cetirizine 1000mg - 24,Painkillers,113,1418,1780,BATCH-202511-9403,2027-12-14
Paracetamol 500mg - 51,Antibiotics,420,2644,3715,BATCH-202511-9603,2028-05-18
Vitamin C 500mg - 4,Dermatology,441,4574,6833,BATCH-202511-2252,2028-10-24
Ciprofloxacin 500mg - 27,Dermatology,345,2894,3899,BATCH-202511-6319,2027-10-20
Loratadine 500mg - 82,Dermatology,303,3418,4850,BATCH-202511-8042,2027-02-19
Loratadine 250mg - 39,Antibiotics,319,4693,6925,BATCH-202511-2359,2028-09-07
Doxycycline 250mg - 8,Vitamins,274,3326,4349,BATCH-202511-5528,2027-03-05
Ciprofloxacin 500mg - 23,First Aid,249,313,405,BATCH-202511-7920,2027-10-03
Paracetamol 500mg - 41,Supplements,340,2081,2864,BATCH-202511-4512,2028-04-29
Paracetamol 500mg - 40,Vitamins,170,1078,1595,BATCH-202511-5269,2027-11-16
Bandages 500mg - 16,Dermatology,40,3718,4920,BATCH-202511-5471,2027-07-08
Amlodipine 500mg - 91,Painkillers,116,882,1165,BATCH-202511-6854,2028-03-04
Aspirin 1000mg - 53,Antibiotics,19,745,1056,BATCH-202511-7680,2028-04-29
Loratadine 1000mg - 6,Vitamins,353,4650,6171,BATCH-202511-3594,2027-09-14
Doxycycline 1000mg - 96,Painkillers,432,2796,4015,BATCH-202511-1465,2028-06-02
Omeprazole 1000mg - 82,Vitamins,488,3866,5222,BATCH-202511-3118,2027-06-17
Diclofenac 1000mg - 93,Supplements,210,1925,2492,BATCH-202511-6789,2027-04-25
Diclofenac 1000mg - 34,Antibiotics,319,2047,2723,BATCH-202511-7974,2026-12-28
Bandages 500mg - 1,First Aid,96,4253,5173,BATCH-202511-7912,2028-07-01
Aspirin 1000mg - 87,Cardiovascular,480,1012,1220,BATCH-202511-7171,2027-04-02
Amlodipine 250mg - 7,Cardiovascular,470,2083,2684,BATCH-202511-9399,2028-02-08
Doxycycline 500mg - 52,Vitamins,459,3082,4495,BATCH-202511-2060,2027-07-31
Metformin 500mg - 14,Painkillers,262,4778,6605,BATCH-202511-8077,2028-01-13
Azithromycin 1000mg - 5,Vitamins,428,1866,2740,BATCH-202511-9807,2027-04-10
Amlodipine 1000mg - 10,Painkillers,451,1797,2595,BATCH-202511-2011,2027-05-01
Amlodipine 1000mg - 86,Vitamins,281,2487,3234,BATCH-202511-7161,2027-03-18
Paracetamol 250mg - 48,Supplements,322,526,763,BATCH-202511-7259,2028-07-18
Vitamin C 250mg - 40,Dermatology,498,534,770,BATCH-202511-5790,2028-06-17
Metformin 1000mg - 52,Painkillers,248,3495,5201,BATCH-202511-9461,2028-08-10
Omeprazole 1000mg - 42,Painkillers,488,4752,6106,BATCH-202511-9666,2028-03-15
Amlodipine 250mg - 86,Antibiotics,274,1004,1379,BATCH-202511-4805,2028-02-22
Paracetamol 1000mg - 42,First Aid,112,3376,4944,BATCH-202511-4917,2027-08-23
Diclofenac 1000mg - 48,Antibiotics,203,3997,5385,BATCH-202511-6405,2028-11-01
Amoxicillin 250mg - 5,First Aid,154,642,844,BATCH-202511-5334,2028-02-16
Ibuprofen 500mg - 66,First Aid,334,3225,3972,BATCH-202511-3278,2027-09-10
Ibuprofen 1000mg - 52,First Aid,340,1238,1701,BATCH-202511-4820,2027-03-23
Omeprazole 250mg - 3,Painkillers,55,4858,6399,BATCH-202511-8941,2027-11-20
Omeprazole 250mg - 2,Antibiotics,368,2363,3427,BATCH-202511-3564,2026-12-19
Vitamin C 250mg - 41,Painkillers,68,1521,2169,BATCH-202511-7854,2027-05-04
Ibuprofen 1000mg - 32,Antibiotics,334,2257,3343,BATCH-202511-9672,2027-08-22
Ibuprofen 500mg - 98,Antibiotics,307,4267,6186,BATCH-202511-7727,2027-05-24
Bandages 1000mg - 7,Dermatology,308,4531,5939,BATCH-202511-6034,2027-06-09
Omeprazole 500mg - 23,Dermatology,410,2197,2925,BATCH-202511-9021,2028-03-23
Loratadine 250mg - 15,Antibiotics,278,3596,4939,BATCH-202511-6606,2027-06-22
Metformin 500mg - 93,Cardiovascular,282,143,194,BATCH-202511-1721,2028-05-23
Cetirizine 250mg - 61,Antibiotics,368,3413,4494,BATCH-202511-2776,2028-02-15
Doxycycline 500mg - 49,Cardiovascular,22,1857,2589,BATCH-202511-8539,2028-11-25
Cetirizine 1000mg - 72,Painkillers,158,4753,5930,BATCH-202511-9954,2028-04-10
Vitamin C 250mg - 75,First Aid,361,1025,1253,BATCH-202511-4417,2027-06-16
Cetirizine 1000mg - 95,Dermatology,369,3195,4698,BATCH-202511-4194,2028-09-05
Doxycycline 250mg - 74,Dermatology,212,1446,2018,BATCH-202511-9227,2028-11-13
Bandages 1000mg - 41,Dermatology,32,3077,4300,BATCH-202511-3405,2027-08-08
Amlodipine 1000mg - 70,Antibiotics,291,4648,5785,BATCH-202511-7042,2027-10-01
Ciprofloxacin 500mg - 12,Painkillers,385,3014,4445,BATCH-202511-6614,2028-04-13
Metformin 250mg - 40,Antibiotics,299,1462,2038,BATCH-202511-4218,2027-03-12
Vitamin C 500mg - 9,Supplements,27,1979,2772,BATCH-202511-7126,2028-01-27
Cetirizine 500mg - 26,Cardiovascular,196,1310,1604,BATCH-202511-5833,2028-11-17
Omeprazole 500mg - 51,Dermatology,387,2381,3267,BATCH-202511-2165,2028-10-02
Amlodipine 500mg - 60,Supplements,169,3764,5340,BATCH-202511-8222,2027-06-14
Omeprazole 1000mg - 67,Vitamins,229,4916,7233,BATCH-202511-3162,2027-02-08
Azithromycin 250mg - 63,Vitamins,87,1824,2297,BATCH-202511-9956,2028-08-15
Aspirin 500mg - 67,Vitamins,109,2053,3005,BATCH-202511-4508,2028-05-11
Amoxicillin 1000mg - 7,Dermatology,365,1097,1343,BATCH-202511-3023,2026-12-26
Bandages 250mg - 6,Supplements,402,3262,4217,BATCH-202511-1825,2028-06-27
Ciprofloxacin 250mg - 9,Cardiovascular,262,2024,2523,BATCH-202511-7700,2027-11-03
Paracetamol 1000mg - 100,First Aid,171,3401,4197,BATCH-202511-4835,2028-09-05
Ciprofloxacin 500mg - 77,Cardiovascular,42,2287,2771,BATCH-202511-7126,2027-05-10
Loratadine 1000mg - 10,Antibiotics,266,2462,2989,BATCH-202511-4664,2027-11-14
Aspirin 250mg - 94,Supplements,163,1001,1400,BATCH-202511-1194,2028-06-09
Azithromycin 500mg - 31,Painkillers,413,2724,3574,BATCH-202511-4042,2027-05-14
Ibuprofen 250mg - 44,First Aid,432,1113,1668,BATCH-202511-5076,2027-11-12
Aspirin 250mg - 63,First Aid,273,3137,4519,BATCH-202511-7160,2028-04-04
Amoxicillin 500mg - 90,Dermatology,63,3308,4473,BATCH-202511-3625,2027-07-30
Loratadine 500mg - 24,First Aid,416,720,883,BATCH-202511-5379,2027-06-20
Doxycycline 500mg - 73,Dermatology,278,4735,6783,BATCH-202511-9135,2026-12-19
Vitamin C 250mg - 87,Cardiovascular,384,1924,2554,BATCH-202511-5467,2028-03-03
Ciprofloxacin 500mg - 50,Painkillers,11,4582,6859,BATCH-202511-7399,2027-06-29
Vitamin C 250mg - 31,Dermatology,191,1606,1953,BATCH-202511-7484,2027-09-30
Vitamin C 1000mg - 75,Cardiovascular,145,425,575,BATCH-202511-1259,2027-10-30
Amoxicillin 250mg - 50,Painkillers,46,1912,2511,BATCH-202511-3408,2028-11-28
Bandages 250mg - 14,Vitamins,395,796,1187,BATCH-202511-4096,2028-03-23
Doxycycline 500mg - 57,Supplements,368,4393,5451,BATCH-202511-2788,2027-06-15
Loratadine 1000mg - 91,Supplements,57,4519,6638,BATCH-202511-4640,2027-05-17
Aspirin 500mg - 57,Dermatology,328,1336,1893,BATCH-202511-6888,2027-02-23
Ibuprofen 500mg - 19,Cardiovascular,324,903,1150,BATCH-202511-5821,2027-04-04
Paracetamol 500mg - 75,Vitamins,42,321,411,BATCH-202511-7406,2028-04-07
Metformin 1000mg - 14,Cardiovascular,26,3292,4757,BATCH-202511-4972,2027-08-14
Metformin 1000mg - 58,Dermatology,30,2551,3221,BATCH-202511-4377,2027-06-27
Amoxicillin 250mg - 2,Dermatology,232,2777,3589,BATCH-202511-9233,2027-01-02
Azithromycin 500mg - 40,Vitamins,121,2928,3677,BATCH-202511-6506,2028-01-29
Vitamin C 500mg - 68,Cardiovascular,337,1026,1455,BATCH-202511-9395,2028-03-04
Loratadine 250mg - 39,Supplements,114,3278,4098,BATCH-202511-9187,2027-09-09
Paracetamol 250mg - 10,Painkillers,338,335,433,BATCH-202511-3134,2027-03-08
Vitamin C 500mg - 61,Dermatology,111,3399,4984,BATCH-202511-9989,2027-09-01
Amlodipine 500mg - 73,Vitamins,162,756,993,BATCH-202511-4784,2027-12-18
Doxycycline 1000mg - 22,Supplements,295,2767,3719,BATCH-202511-1162,2027-07-05
Paracetamol 1000mg - 37,First Aid,68,1923,2465,BATCH-202511-9055,2027-10-01
Metformin 1000mg - 20,Antibiotics,180,1302,1844,BATCH-202511-5879,2028-09-25
Aspirin 500mg - 97,Vitamins,148,1777,2617,BATCH-202511-1267,2028-08-21
Loratadine 250mg - 90,First Aid,200,4721,6858,BATCH-202511-5498,2027-06-21
Loratadine 500mg - 5,Vitamins,252,2727,4047,BATCH-202511-2469,2027-03-14
Amoxicillin 250mg - 30,Supplements,295,1241,1757,BATCH-202511-9487,2028-03-10
Diclofenac 1000mg - 46,Cardiovascular,103,1732,2252,BATCH-202511-3498,2028-07-16
Bandages 500mg - 48,Painkillers,441,1666,2305,BATCH-202511-1208,2028-09-13
Bandages 1000mg - 88,Supplements,472,4703,6095,BATCH-202511-6736,2028-09-15
Omeprazole 1000mg - 15,Antibiotics,372,3468,4819,BATCH-202511-4476,2027-06-12
Diclofenac 1000mg - 58,Vitamins,209,1023,1399,BATCH-202511-1590,2028-03-27
Paracetamol 250mg - 97,Dermatology,221,1433,1974,BATCH-202511-6541,2027-11-16
Cetirizine 500mg - 9,First Aid,290,252,345,BATCH-202511-3460,2027-03-24
Ibuprofen 1000mg - 66,Supplements,363,4700,6430,BATCH-202511-1496,2027-11-19
Azithromycin 1000mg - 90,Antibiotics,49,191,256,BATCH-202511-2637,2027-12-21
Aspirin 1000mg - 29,Antibiotics,158,1967,2404,BATCH-202511-4419,2028-01-08
Ciprofloxacin 250mg - 24,Painkillers,407,811,1002,BATCH-202511-6261,2027-09-03
Paracetamol 1000mg - 15,First Aid,371,3059,3706,BATCH-202511-6338,2028-04-04
Omeprazole 250mg - 82,Cardiovascular,62,3886,4949,BATCH-202511-8346,2028-01-25
Diclofenac 1000mg - 83,Supplements,150,1631,2262,BATCH-202511-8267,2028-09-05
Loratadine 500mg - 70,Antibiotics,196,2688,3373,BATCH-202511-8900,2028-10-30
Ciprofloxacin 250mg - 37,Antibiotics,224,1111,1431,BATCH-202511-5291,2028-11-08
Paracetamol 1000mg - 66,Cardiovascular,385,4066,5617,BATCH-202511-2228,2027-09-10
Amlodipine 500mg - 54,Antibiotics,314,1944,2647,BATCH-202511-1938,2027-08-17
Loratadine 250mg - 85,Painkillers,364,1703,2149,BATCH-202511-6491,2027-05-05
Diclofenac 250mg - 77,Painkillers,355,3113,4627,BATCH-202511-2722,2027-06-22
Amlodipine 1000mg - 60,Cardiovascular,257,3528,4742,BATCH-202511-9406,2028-11-16
Amoxicillin 500mg - 26,Antibiotics,141,3168,4693,BATCH-202511-6029,2028-10-10
Amlodipine 500mg - 7,Cardiovascular,425,4592,6700,BATCH-202511-7968,2028-10-06
Bandages 250mg - 1,Antibiotics,476,4460,6255,BATCH-202511-7758,2027-03-27
Diclofenac 250mg - 22,Painkillers,483,2687,3699,BATCH-202511-3383,2027-03-26
Vitamin C 1000mg - 84,Vitamins,325,4885,5863,BATCH-202511-7817,2027-07-05
Aspirin 250mg - 99,Antibiotics,161,3083,4403,BATCH-202511-2241,2027-08-10
Azithromycin 250mg - 21,First Aid,91,3617,5243,BATCH-202511-1120,2028-09-29
Cetirizine 1000mg - 67,Dermatology,231,4938,7102,BATCH-202511-7994,2028-11-25
Doxycycline 1000mg - 43,Dermatology,77,4968,6914,BATCH-202511-6392,2027-05-27
Cetirizine 500mg - 58,Vitamins,190,2269,3351,BATCH-202511-8881,2027-09-30
Azithromycin 250mg - 68,First Aid,468,1931,2681,BATCH-202511-5327,2027-09-13
Cetirizine 500mg - 8,Painkillers,24,3157,4587,BATCH-202511-9414,2028-09-14
Ciprofloxacin 500mg - 57,Cardiovascular,119,2769,3506,BATCH-202511-8164,2028-10-12
Diclofenac 500mg - 47,Vitamins,258,2251,3302,BATCH-202511-2358,2027-04-06
Ibuprofen 500mg - 84,Supplements,73,3458,4240,BATCH-202511-9526,2028-02-28
Azithromycin 500mg - 49,Painkillers,472,439,617,BATCH-202511-3842,2028-07-01
Loratadine 250mg - 65,First Aid,257,295,421,BATCH-202511-8788,2027-09-27
Metformin 1000mg - 52,Supplements,129,3710,4615,BATCH-202511-8734,2026-12-27
Cetirizine 500mg - 80,Painkillers,25,4099,5064,BATCH-202511-3863,2027-11-15
Ibuprofen 250mg - 52,First Aid,142,4662,6170,BATCH-202511-7047,2028-08-06
Paracetamol 1000mg - 62,First Aid,248,1851,2293,BATCH-202511-9964,2028-04-12
Metformin 250mg - 93,Supplements,358,1698,2445,BATCH-202511-1019,2026-12-13
Omeprazole 1000mg - 96,Antibiotics,318,798,1191,BATCH-202511-9494,2028-10-22
Paracetamol 500mg - 89,First Aid,413,3816,5711,BATCH-202511-7472,2027-11-21
Doxycycline 500mg - 86,Supplements,351,2763,3469,BATCH-202511-9420,2028-06-24
Loratadine 250mg - 54,Painkillers,467,3307,4852,BATCH-202511-1848,2027-12-07
Paracetamol 250mg - 87,Supplements,185,1271,1610,BATCH-202511-2600,2028-08-28
Cetirizine 1000mg - 56,Cardiovascular,233,3067,3898,BATCH-202511-1080,2028-08-06
Bandages 250mg - 17,Painkillers,125,2694,3303,BATCH-202511-4859,2028-11-13
Omeprazole 1000mg - 21,Supplements,264,874,1273,BATCH-202511-6267,2027-11-14
Ibuprofen 500mg - 7,Vitamins,386,2528,3441,BATCH-202511-7167,2028-07-17
Omeprazole 500mg - 82,First Aid,445,2663,3378,BATCH-202511-9714,2027-04-07
Omeprazole 500mg - 2,Painkillers,456,2125,2716,BATCH-202511-5260,2027-11-25
Loratadine 1000mg - 18,Dermatology,204,2893,3958,BATCH-202511-2405,2028-10-15
Amlodipine 500mg - 25,Dermatology,420,1293,1886,BATCH-202511-8814,2027-11-05
Cetirizine 500mg - 34,First Aid,82,827,1229,BATCH-202511-1677,2028-08-18
Amlodipine 1000mg - 66,Painkillers,212,1521,1975,BATCH-202511-2723,2028-07-19
Bandages 1000mg - 45,Cardiovascular,386,1845,2240,BATCH-202511-2213,2027-09-10
Paracetamol 1000mg - 1,Painkillers,380,3799,4947,BATCH-202511-3015,2027-04-11
Omeprazole 1000mg - 35,Supplements,79,4032,6009,BATCH-202511-4419,2028-08-11
Paracetamol 1000mg - 1,Antibiotics,40,2995,3949,BATCH-202511-1532,2028-01-27
Diclofenac 250mg - 63,Supplements,186,4070,5715,BATCH-202511-8226,2027-05-25
Bandages 500mg - 60,Antibiotics,72,1144,1665,BATCH-202511-9456,2027-09-21
Omeprazole 500mg - 32,Vitamins,211,3925,4746,BATCH-202511-7403,2028-03-13
Doxycycline 1000mg - 89,First Aid,262,4963,6246,BATCH-202511-8829,2028-02-18
Doxycycline 500mg - 75,Vitamins,189,1741,2245,BATCH-202511-5016,2027-08-08
Amoxicillin 500mg - 79,Painkillers,89,3712,4547,BATCH-202511-6488,2027-10-09
Vitamin C 500mg - 27,Supplements,107,1865,2531,BATCH-202511-2561,2028-10-05
Aspirin 500mg - 52,Cardiovascular,337,4955,7353,BATCH-202511-3035,2028-10-15
Ciprofloxacin 1000mg - 97,Dermatology,236,1755,2500,BATCH-202511-9512,2028-01-07
Bandages 500mg - 34,Painkillers,342,1107,1595,BATCH-202511-6757,2026-12-05
Paracetamol 250mg - 93,Vitamins,47,2529,3751,BATCH-202511-2747,2027-09-14
Bandages 1000mg - 40,Supplements,416,293,381,BATCH-202511-1888,2028-02-12
Ciprofloxacin 500mg - 85,Vitamins,221,565,774,BATCH-202511-4149,2028-06-01
Diclofenac 1000mg - 48,First Aid,320,4189,5030,BATCH-202511-2060,2027-01-09
Amlodipine 1000mg - 44,Dermatology,242,3769,4648,BATCH-202511-9128,2028-10-11
Ciprofloxacin 250mg - 33,First Aid,209,3754,4633,BATCH-202511-8274,2027-02-22
Bandages 1000mg - 36,Supplements,229,1721,2149,BATCH-202511-5226,2027-09-16
Loratadine 500mg - 67,Cardiovascular,240,4298,6362,BATCH-202511-9420,2028-11-06
Amoxicillin 250mg - 59,Cardiovascular,418,4976,6438,BATCH-202511-1901,2028-03-25
Loratadine 1000mg - 11,Painkillers,463,3404,4259,BATCH-202511-2006,2027-06-16
Amoxicillin 250mg - 79,Cardiovascular,451,1317,1804,BATCH-202511-7392,2027-05-25
Ibuprofen 250mg - 53,Dermatology,56,2723,3575,BATCH-202511-4754,2026-12-29
Vitamin C 500mg - 52,Dermatology,140,4703,5867,BATCH-202511-6634,2028-06-12
Aspirin 250mg - 6,Vitamins,486,177,261,BATCH-202511-5038,2028-09-04
Amoxicillin 500mg - 46,First Aid,91,4549,6604,BATCH-202511-9201,2027-01-28
Diclofenac 250mg - 90,Cardiovascular,435,4229,5830,BATCH-202511-1680,2027-09-23
Cetirizine 1000mg - 81,Cardiovascular,277,3927,5386,BATCH-202511-1593,2028-09-10
Loratadine 500mg - 11,Painkillers,282,3651,5188,BATCH-202511-7720,2027-10-07
Ibuprofen 1000mg - 22,Dermatology,160,1516,2054,BATCH-202511-9131,2028-02-28
Azithromycin 500mg - 90,Supplements,146,2573,3808,BATCH-202511-6857,2028-04-28
Amlodipine 1000mg - 15,Cardiovascular,253,290,354,BATCH-202511-2734,2028-03-13
Cetirizine 1000mg - 45,Vitamins,42,3370,4445,BATCH-202511-3618,2027-01-03
Aspirin 1000mg - 37,First Aid,287,1467,1912,BATCH-202511-6377,2027-01-16
Loratadine 1000mg - 58,Cardiovascular,451,2429,3127,BATCH-202511-6376,2027-04-08
Azithromycin 500mg - 99,Cardiovascular,200,486,665,BATCH-202511-4796,2027-08-01
Diclofenac 500mg - 48,Vitamins,344,3110,3921,BATCH-202511-9131,2028-06-05
Aspirin 1000mg - 34,Dermatology,200,3576,4783,BATCH-202511-8840,2028-07-23
Bandages 250mg - 5,Vitamins,115,1984,2573,BATCH-202511-4009,2027-01-30
Amoxicillin 1000mg - 14,Cardiovascular,472,2854,4244,BATCH-202511-5434,2027-09-28
Ibuprofen 250mg - 44,Supplements,253,4208,5175,BATCH-202511-8156,2028-06-28
Ciprofloxacin 1000mg - 48,Supplements,273,4730,6973,BATCH-202511-3424,2028-04-28
Ciprofloxacin 250mg - 32,Antibiotics,461,4666,5669,BATCH-202511-4479,2027-11-12
Diclofenac 500mg - 47,First Aid,312,4896,7029,BATCH-202511-6176,2028-09-10
Omeprazole 250mg - 24,Cardiovascular,218,2102,2692,BATCH-202511-3759,2028-03-11
Omeprazole 1000mg - 52,Cardiovascular,95,1940,2763,BATCH-202511-4093,2027-10-15
Ibuprofen 1000mg - 26,Dermatology,391,2302,3425,BATCH-202511-3838,2027-12-10
Cetirizine 250mg - 96,Painkillers,216,3585,4693,BATCH-202511-3852,2028-11-14
Azithromycin 500mg - 57,Supplements,266,3901,5219,BATCH-202511-6740,2028-05-21
Amoxicillin 250mg - 93,Vitamins,419,4440,6466,BATCH-202511-9532,2028-04-11
Ciprofloxacin 1000mg - 33,First Aid,301,3752,4683,BATCH-202511-6423,2028-10-11
Paracetamol 250mg - 18,Painkillers,363,4337,6144,BATCH-202511-5254,2027-05-22
Amoxicillin 1000mg - 20,Painkillers,133,2682,3845,BATCH-202511-2406,2026-12-31
Amlodipine 250mg - 74,Supplements,218,4685,6129,BATCH-202511-9309,2028-02-24
Amoxicillin 250mg - 91,First Aid,223,4783,6111,BATCH-202511-8119,2028-04-07
Vitamin C 1000mg - 88,Vitamins,393,3249,4732,BATCH-202511-8102,2027-12-28
Omeprazole 1000mg - 63,Dermatology,276,1385,1838,BATCH-202511-6077,2028-04-26
Aspirin 1000mg - 18,Supplements,170,2762,3664,BATCH-202511-6324,2028-07-23
Vitamin C 500mg - 85,First Aid,315,195,243,BATCH-202511-7285,2028-01-31
Omeprazole 250mg - 60,Vitamins,12,4558,6032,BATCH-202511-5842,2027-05-03
Diclofenac 1000mg - 33,First Aid,255,4051,5536,BATCH-202511-8320,2027-06-12
Vitamin C 500mg - 98,Dermatology,377,4205,6264,BATCH-202511-4884,2027-06-05
Doxycycline 1000mg - 49,Dermatology,124,484,707,BATCH-202511-5084,2028-11-13
Amoxicillin 250mg - 16,Dermatology,241,2979,3633,BATCH-202511-6048,2027-02-07
Loratadine 1000mg - 42,Dermatology,159,1332,1959,BATCH-202511-8760,2026-12-24
Azithromycin 500mg - 69,Cardiovascular,318,3474,4545,BATCH-202511-3608,2027-07-22
Cetirizine 1000mg - 29,Cardiovascular,56,2689,3638,BATCH-202511-9645,2026-12-24
Metformin 500mg - 20,Painkillers,287,1989,2757,BATCH-202511-7815,2027-09-21
Bandages 250mg - 29,Dermatology,295,4114,5940,BATCH-202511-4651,2027-06-02
Aspirin 500mg - 26,Vitamins,131,537,725,BATCH-202511-4240,2027-04-20
Amoxicillin 500mg - 42,Vitamins,252,875,1106,BATCH-202511-2338,2027-09-23
Doxycycline 250mg - 42,Painkillers,203,3982,5956,BATCH-202511-9417,2028-05-07
Ibuprofen 1000mg - 26,Painkillers,363,3226,4534,BATCH-202511-9121,2027-12-22
Vitamin C 250mg - 98,Dermatology,190,3924,5321,BATCH-202511-2920,2027-05-07
Ciprofloxacin 1000mg - 19,Supplements,392,2684,3449,BATCH-202511-2089,2028-10-17
Vitamin C 1000mg - 72,Supplements,264,4063,5086,BATCH-202511-2799,2026-12-02
Metformin 500mg - 12,Antibiotics,391,3712,4838,BATCH-202511-8534,2028-04-06
Ibuprofen 1000mg - 21,Painkillers,77,3964,5429,BATCH-202511-4446,2028-01-24
Omeprazole 1000mg - 54,Supplements,51,4114,5847,BATCH-202511-4853,2028-10-30
Ciprofloxacin 1000mg - 97,Dermatology,395,1974,2535,BATCH-202511-1503,2027-01-11
Azithromycin 1000mg - 31,Antibiotics,33,4740,6190,BATCH-202511-5780,2027-01-19
Aspirin 500mg - 100,First Aid,38,3567,5333,BATCH-202511-9554,2028-09-10
Vitamin C 250mg - 5,Antibiotics,356,2839,3625,BATCH-202511-1787,2028-01-06
Cetirizine 1000mg - 21,Dermatology,263,4038,5141,BATCH-202511-3172,2026-12-26
Diclofenac 500mg - 48,Antibiotics,25,2481,3565,BATCH-202511-8885,2027-08-21
Vitamin C 250mg - 53,First Aid,105,4203,5904,BATCH-202511-9646,2028-01-16
Amoxicillin 500mg - 29,Vitamins,21,2155,3070,BATCH-202511-9848,2028-04-29
Doxycycline 250mg - 71,Dermatology,170,1717,2167,BATCH-202511-8906,2027-02-18
Vitamin C 250mg - 66,Supplements,92,3083,4622,BATCH-202511-4308,2028-10-02
Doxycycline 1000mg - 58,First Aid,317,2077,2805,BATCH-202511-8310,2028-06-26
Azithromycin 1000mg - 95,Cardiovascular,34,1647,2250,BATCH-202511-7200,2027-06-17
Ibuprofen 500mg - 79,Dermatology,121,3764,4901,BATCH-202511-4154,2028-09-10
Metformin 1000mg - 2,Dermatology,217,3602,4521,BATCH-202511-9412,2028-05-03
Amlodipine 250mg - 71,Dermatology,158,1932,2860,BATCH-202511-7381,2027-08-12
Cetirizine 500mg - 73,Supplements,432,1987,2633,BATCH-202511-5803,2028-10-27
Paracetamol 500mg - 79,Dermatology,395,2832,3442,BATCH-202511-6538,2028-05-19
Omeprazole 500mg - 98,First Aid,15,4639,6684,BATCH-202511-3712,2027-04-13
Ibuprofen 1000mg - 62,Antibiotics,260,2974,3817,BATCH-202511-6489,2026-12-28
Vitamin C 1000mg - 68,First Aid,410,2063,2954,BATCH-202511-6066,2027-07-12
Ibuprofen 500mg - 5,Painkillers,101,3831,5253,BATCH-202511-5778,2026-12-15
Cetirizine 1000mg - 51,Painkillers,387,943,1301,BATCH-202511-6653,2028-07-16
Loratadine 500mg - 61,Vitamins,415,3708,4645,BATCH-202511-7374,2027-09-17
Amlodipine 1000mg - 20,Antibiotics,411,429,628,BATCH-202511-6986,2027-09-17
Omeprazole 500mg - 3,Antibiotics,26,1383,1700,BATCH-202511-9562,2027-07-23
Paracetamol 1000mg - 16,Antibiotics,314,2183,3262,BATCH-202511-7404,2028-10-27
Azithromycin 250mg - 49,Antibiotics,101,552,732,BATCH-202511-6891,2027-05-10
Aspirin 250mg - 59,Supplements,102,3899,4722,BATCH-202511-9934,2027-06-20
Amlodipine 500mg - 57,Cardiovascular,17,784,990,BATCH-202511-1050,2027-09-19
Omeprazole 1000mg - 25,Dermatology,265,435,564,BATCH-202511-9627,2027-08-16
Vitamin C 1000mg - 4,First Aid,426,1292,1710,BATCH-202511-7707,2027-08-30
Metformin 500mg - 21,Vitamins,56,2714,3737,BATCH-202511-9619,2027-08-30
Bandages 250mg - 64,Dermatology,409,1914,2820,BATCH-202511-1769,2027-03-14
Loratadine 1000mg - 65,Cardiovascular,428,4331,5658,BATCH-202511-3786,2026-12-28
Omeprazole 1000mg - 78,Supplements,137,2673,3731,BATCH-202511-3195,2028-06-05
Bandages 1000mg - 12,Supplements,447,4195,6232,BATCH-202511-9967,2027-06-22
Ibuprofen 1000mg - 41,Supplements,319,3762,5419,BATCH-202511-6713,2028-10-24
Amlodipine 1000mg - 2,Antibiotics,484,2918,3858,BATCH-202511-1437,2028-09-13
Doxycycline 500mg - 65,First Aid,135,4285,5151,BATCH-202511-7583,2027-06-21
Bandages 1000mg - 67,Painkillers,123,3291,4448,BATCH-202511-6628,2028-02-14
Ciprofloxacin 1000mg - 37,First Aid,36,284,355,BATCH-202511-7727,2026-12-19
Doxycycline 500mg - 77,Painkillers,259,3008,4268,BATCH-202511-6019,2027-02-10
Diclofenac 500mg - 18,Vitamins,32,475,691,BATCH-202511-6578,2028-10-05
Paracetamol 500mg - 81,Cardiovascular,29,2444,3014,BATCH-202511-4698,2028-08-10
Cetirizine 500mg - 84,Dermatology,87,2998,4194,BATCH-202511-3547,2027-03-28
Diclofenac 500mg - 38,Vitamins,209,2592,3516,BATCH-202511-3097,2027-06-14
Paracetamol 500mg - 31,Painkillers,111,4607,6184,BATCH-202511-2819,2028-03-03
Doxycycline 1000mg - 40,Painkillers,292,779,1040,BATCH-202511-3343,2028-03-24
Azithromycin 500mg - 13,Supplements,469,3852,5278,BATCH-202511-4989,2027-04-29
Ibuprofen 500mg - 55,Cardiovascular,360,787,1001,BATCH-202511-2211,2027-10-06
Aspirin 250mg - 50,Vitamins,203,2566,3605,BATCH-202511-3679,2028-10-16
Vitamin C 500mg - 5,Supplements,429,1131,1585,BATCH-202511-6956,2027-06-10
Amlodipine 500mg - 42,Cardiovascular,176,2517,3213,BATCH-202511-5535,2027-03-07
Diclofenac 250mg - 51,Painkillers,189,4975,7457,BATCH-202511-9529,2028-10-01
Amoxicillin 500mg - 55,Vitamins,389,1765,2492,BATCH-202511-8482,2027-09-18
Diclofenac 1000mg - 29,Cardiovascular,352,4699,6720,BATCH-202511-5179,2028-11-16
Amoxicillin 1000mg - 58,Cardiovascular,63,4018,5623,BATCH-202511-7069,2027-01-22
Diclofenac 1000mg - 26,Vitamins,223,1815,2575,BATCH-202511-1232,2027-04-28
Ibuprofen 250mg - 8,Dermatology,146,4382,5951,BATCH-202511-8400,2028-07-15
Amoxicillin 1000mg - 38,Antibiotics,408,1164,1683,BATCH-202511-2621,2027-01-15
Ibuprofen 500mg - 49,Antibiotics,198,4235,5858,BATCH-202511-7178,2028-11-08
Azithromycin 500mg - 74,Supplements,366,4102,5460,BATCH-202511-6920,2027-12-10
Paracetamol 250mg - 11,Supplements,56,4165,5091,BATCH-202511-9513,2027-07-05
Ibuprofen 1000mg - 52,Cardiovascular,108,3036,4102,BATCH-202511-2953,2027-07-20
Azithromycin 500mg - 81,Antibiotics,191,2142,3082,BATCH-202511-9934,2028-01-08
Ciprofloxacin 500mg - 66,Dermatology,237,2154,2756,BATCH-202511-9306,2028-02-20
Amoxicillin 250mg - 88,Painkillers,209,3445,5012,BATCH-202511-8529,2028-06-16
Ibuprofen 500mg - 99,Dermatology,56,1475,2019,BATCH-202511-9414,2028-10-23
Omeprazole 250mg - 80,Supplements,178,1996,2794,BATCH-202511-8265,2027-06-09
Aspirin 250mg - 74,Painkillers,233,325,459,BATCH-202511-9186,2027-05-09
Amlodipine 500mg - 14,First Aid,39,307,425,BATCH-202511-7972,2028-05-24
Bandages 500mg - 23,First Aid,110,883,1082,BATCH-202511-1863,2027-02-16
Amlodipine 500mg - 74,Cardiovascular,410,3272,4094,BATCH-202511-3114,2027-11-28
Metformin 500mg - 86,Vitamins,464,3919,5858,BATCH-202511-8182,2027-12-19
Azithromycin 500mg - 37,Dermatology,368,4460,6531,BATCH-202511-3358,2028-07-22
Amoxicillin 1000mg - 99,Dermatology,321,197,293,BATCH-202511-5286,2027-01-24
Ibuprofen 500mg - 54,Dermatology,119,3848,4764,BATCH-202511-5439,2027-09-27
Amlodipine 500mg - 51,Vitamins,173,2555,3746,BATCH-202511-5133,2026-12-26
Cetirizine 500mg - 7,First Aid,346,3172,3924,BATCH-202511-9714,2027-12-27
Loratadine 250mg - 50,Antibiotics,142,2400,2949,BATCH-202511-6202,2027-06-03
Aspirin 250mg - 96,Painkillers,350,1422,2091,BATCH-202511-6989,2027-06-14
Omeprazole 1000mg - 33,First Aid,265,1780,2279,BATCH-202511-2560,2028-04-02
Aspirin 1000mg - 9,Supplements,109,1908,2815,BATCH-202511-2106,2028-07-31
Aspirin 500mg - 18,Supplements,256,3312,4734,BATCH-202511-9993,2027-11-02
Aspirin 250mg - 38,Dermatology,367,4796,5810,BATCH-202511-6563,2028-05-22
Aspirin 500mg - 13,Vitamins,82,4889,7106,BATCH-202511-2599,2028-10-05
Ibuprofen 500mg - 43,Dermatology,327,3019,4510,BATCH-202511-1823,2027-12-24
Ibuprofen 500mg - 78,Cardiovascular,151,3675,5137,BATCH-202511-9141,2027-04-27
Omeprazole 250mg - 41,Painkillers,423,2690,3439,BATCH-202511-8814,2028-07-28
Amoxicillin 1000mg - 71,Painkillers,498,1182,1621,BATCH-202511-9989,2027-03-01
Azithromycin 1000mg - 100,Supplements,407,4169,5950,BATCH-202511-7160,2027-01-27
Aspirin 250mg - 42,Dermatology,482,3506,4297,BATCH-202511-9949,2027-06-07
Cetirizine 1000mg - 8,Vitamins,242,1127,1527,BATCH-202511-6622,2028-10-18
Amoxicillin 500mg - 49,Cardiovascular,313,4904,6287,BATCH-202511-8018,2027-02-11
Amoxicillin 1000mg - 45,Cardiovascular,399,2576,3436,BATCH-202511-2772,2028-02-05
Doxycycline 250mg - 72,Supplements,170,1806,2197,BATCH-202511-1418,2028-09-12
Doxycycline 1000mg - 69,Supplements,363,4252,5481,BATCH-202511-5429,2028-08-04
Omeprazole 500mg - 2,Dermatology,379,1108,1487,BATCH-202511-5233,2027-02-10
Metformin 250mg - 57,Supplements,464,4627,6409,BATCH-202511-3158,2028-04-24
Ciprofloxacin 250mg - 4,Vitamins,493,869,1131,BATCH-202511-4972,2027-10-03
Omeprazole 250mg - 25,First Aid,416,553,718,BATCH-202511-7040,2028-11-20
Loratadine 500mg - 25,Antibiotics,388,4303,5591,BATCH-202511-8747,2027-09-02
Azithromycin 250mg - 22,First Aid,277,4071,5277,BATCH-202511-5500,2028-03-12
Diclofenac 250mg - 78,Dermatology,139,3959,5054,BATCH-202511-6300,2028-02-21
Azithromycin 500mg - 9,Vitamins,322,3322,4620,BATCH-202511-5558,2028-05-01
Amoxicillin 500mg - 89,Painkillers,340,3354,4596,BATCH-202511-2988,2027-03-26
Doxycycline 250mg - 4,First Aid,334,3599,5345,BATCH-202511-7342,2028-05-14
Azithromycin 250mg - 30,Vitamins,393,1394,1700,BATCH-202511-5126,2027-09-24
Omeprazole 1000mg - 86,Vitamins,345,2157,3147,BATCH-202511-5380,2027-06-24
Omeprazole 500mg - 8,Antibiotics,14,365,498,BATCH-202511-5674,2028-06-20
Ciprofloxacin 250mg - 1,First Aid,125,1934,2556,BATCH-202511-8555,2027-08-25
Amlodipine 1000mg - 75,Supplements,68,2725,3519,BATCH-202511-7089,2027-04-02
Aspirin 500mg - 37,Cardiovascular,378,4335,6373,BATCH-202511-1195,2027-08-03
Aspirin 500mg - 60,First Aid,367,3558,5143,BATCH-202511-3043,2027-10-23
Omeprazole 250mg - 39,First Aid,389,1764,2420,BATCH-202511-6363,2027-04-10
Metformin 250mg - 33,Vitamins,478,1454,1922,BATCH-202511-5778,2028-03-14
Amlodipine 1000mg - 52,Painkillers,215,2199,2661,BATCH-202511-2418,2027-01-20
Amlodipine 1000mg - 12,Dermatology,107,2696,3486,BATCH-202511-8801,2027-02-14
Loratadine 500mg - 60,First Aid,352,3443,4813,BATCH-202511-4858,2027-07-09
Amlodipine 500mg - 99,Vitamins,38,4223,6238,BATCH-202511-3734,2028-05-13
Doxycycline 500mg - 57,Painkillers,446,419,581,BATCH-202511-2000,2028-04-29
Aspirin 250mg - 58,Cardiovascular,86,1907,2384,BATCH-202511-3347,2028-03-16
Ciprofloxacin 500mg - 3,First Aid,226,4024,5118,BATCH-202511-9609,2028-08-15
Loratadine 250mg - 61,Cardiovascular,281,278,340,BATCH-202511-9622,2027-12-08
Ibuprofen 500mg - 72,Antibiotics,182,500,670,BATCH-202511-4475,2028-03-03
Paracetamol 500mg - 7,First Aid,402,813,1216,BATCH-202511-6710,2027-12-12
Cetirizine 1000mg - 23,First Aid,397,1236,1766,BATCH-202511-9872,2026-12-28
Cetirizine 1000mg - 92,Cardiovascular,350,4407,6195,BATCH-202511-9118,2027-07-15
Doxycycline 250mg - 100,Vitamins,102,4502,5821,BATCH-202511-2545,2028-07-16
Loratadine 500mg - 26,Dermatology,357,3454,4672,BATCH-202511-9555,2027-09-09
Paracetamol 500mg - 34,Cardiovascular,322,657,872,BATCH-202511-1787,2027-09-01
Ibuprofen 1000mg - 24,Supplements,467,835,1101,BATCH-202511-6406,2028-05-26
Amlodipine 1000mg - 47,Antibiotics,98,1934,2866,BATCH-202511-3698,2027-06-18
Aspirin 500mg - 3,Vitamins,135,4357,5413,BATCH-202511-8978,2028-07-23
Ibuprofen 250mg - 7,Painkillers,20,4141,5541,BATCH-202511-1994,2026-12-20
Cetirizine 500mg - 4,Dermatology,291,3896,5449,BATCH-202511-8128,2027-05-04
Omeprazole 1000mg - 32,Dermatology,361,3236,4612,BATCH-202511-5005,2027-04-11
Paracetamol 500mg - 71,Dermatology,90,416,536,BATCH-202511-6787,2028-10-25
Ibuprofen 250mg - 2,Painkillers,223,3326,4251,BATCH-202511-9246,2027-10-29
Omeprazole 1000mg - 49,Vitamins,360,940,1316,BATCH-202511-8905,2028-06-03
Bandages 250mg - 33,Vitamins,160,3645,4919,BATCH-202511-2614,2027-08-17
Cetirizine 500mg - 99,Vitamins,270,517,642,BATCH-202511-6882,2027-02-25
Azithromycin 500mg - 39,Supplements,233,3593,5012,BATCH-202511-7416,2027-03-04
Bandages 250mg - 87,Dermatology,40,4145,5782,BATCH-202511-4604,2028-01-01
Omeprazole 500mg - 68,Painkillers,114,2581,3346,BATCH-202511-7966,2027-06-08
Diclofenac 500mg - 27,Dermatology,495,3098,3806,BATCH-202511-5879,2028-08-01
Cetirizine 1000mg - 74,Painkillers,380,950,1370,BATCH-202511-5491,2027-01-22
Ibuprofen 250mg - 9,Supplements,81,3055,3824,BATCH-202511-7804,2028-08-08
Doxycycline 1000mg - 43,Cardiovascular,367,4601,5617,BATCH-202511-5673,2027-09-29
Ibuprofen 250mg - 30,Antibiotics,360,4666,5825,BATCH-202511-7879,2027-08-17
Doxycycline 1000mg - 17,Cardiovascular,258,2314,3010,BATCH-202511-7413,2027-09-14
Loratadine 250mg - 4,Antibiotics,238,4304,5450,BATCH-202511-1762,2028-07-15
Metformin 1000mg - 6,Vitamins,367,374,549,BATCH-202511-4461,2027-02-06
Doxycycline 500mg - 22,Supplements,377,3246,3918,BATCH-202511-6502,2027-01-09
Vitamin C 250mg - 48,Antibiotics,142,4986,6636,BATCH-202511-2589,2028-08-27
Vitamin C 500mg - 58,Antibiotics,17,696,1026,BATCH-202511-3882,2028-10-13
Cetirizine 1000mg - 96,Painkillers,224,2381,3168,BATCH-202511-3227,2028-06-28
Amoxicillin 500mg - 11,Dermatology,417,4632,5734,BATCH-202511-1859,2027-09-10
Omeprazole 500mg - 11,Vitamins,11,1808,2205,BATCH-202511-5057,2028-05-06
Vitamin C 500mg - 98,First Aid,167,4594,6883,BATCH-202511-2165,2028-10-04
Metformin 250mg - 34,Cardiovascular,304,3684,5066,BATCH-202511-3624,2028-01-15
Aspirin 1000mg - 16,Cardiovascular,471,4077,6073,BATCH-202511-1629,2028-04-18
Ibuprofen 250mg - 20,Antibiotics,378,4887,6493,BATCH-202511-2315,2027-01-04
Metformin 500mg - 94,Antibiotics,259,1828,2430,BATCH-202511-1206,2027-12-17
Diclofenac 500mg - 12,Painkillers,387,1113,1514,BATCH-202511-2418,2027-02-26
Omeprazole 250mg - 3,Painkillers,325,2257,3296,BATCH-202511-7017,2027-08-30
Cetirizine 1000mg - 86,Dermatology,23,115,155,BATCH-202511-5568,2027-07-13
Diclofenac 250mg - 46,Antibiotics,293,513,694,BATCH-202511-1802,2027-02-05
Amoxicillin 500mg - 80,Antibiotics,357,3439,4587,BATCH-202511-1047,2027-04-19
Amlodipine 1000mg - 11,First Aid,243,596,746,BATCH-202511-4679,2028-03-30
Ciprofloxacin 500mg - 67,Cardiovascular,210,387,561,BATCH-202511-7441,2027-12-17
Ciprofloxacin 250mg - 12,Cardiovascular,384,1354,1777,BATCH-202511-6471,2027-09-06
Diclofenac 250mg - 43,Painkillers,177,860,1146,BATCH-202511-4480,2028-03-11
Doxycycline 1000mg - 69,Supplements,287,1283,1702,BATCH-202511-1462,2028-05-29
Ciprofloxacin 250mg - 97,Cardiovascular,87,476,696,BATCH-202511-2809,2027-08-24
Loratadine 500mg - 25,Painkillers,203,4828,7179,BATCH-202511-5657,2028-07-09
Diclofenac 250mg - 63,Vitamins,312,2723,3419,BATCH-202511-1028,2027-11-23
Loratadine 1000mg - 53,Vitamins,31,3904,5588,BATCH-202511-5677,2026-12-03
Omeprazole 250mg - 61,Antibiotics,48,1753,2394,BATCH-202511-1907,2028-10-31
Loratadine 250mg - 61,Supplements,199,2824,3829,BATCH-202511-7716,2028-10-01
Paracetamol 250mg - 48,Painkillers,210,699,984,BATCH-202511-6107,2027-07-19
Paracetamol 500mg - 22,Vitamins,245,4823,5818,BATCH-202511-6295,2028-05-18
Paracetamol 1000mg - 93,Supplements,461,305,453,BATCH-202511-7633,2028-05-21
Loratadine 1000mg - 57,Antibiotics,10,2231,2728,BATCH-202511-7800,2026-11-29
Diclofenac 250mg - 58,Supplements,479,2741,3797,BATCH-202511-9481,2027-08-05
Cetirizine 500mg - 84,Antibiotics,197,348,516,BATCH-202511-8357,2028-09-17
Omeprazole 1000mg - 98,First Aid,127,4524,5434,BATCH-202511-7848,2027-01-26
Bandages 250mg - 79,Cardiovascular,153,2276,2740,BATCH-202511-2818,2028-09-10
Doxycycline 1000mg - 60,Painkillers,117,4578,6231,BATCH-202511-7383,2026-12-16
Amlodipine 250mg - 97,Dermatology,444,841,1171,BATCH-202511-6788,2028-02-24
Loratadine 500mg - 44,Dermatology,299,2891,3747,BATCH-202511-7053,2027-02-23
Aspirin 1000mg - 26,Cardiovascular,250,1409,1783,BATCH-202511-8239,2028-04-14
Ciprofloxacin 250mg - 11,Vitamins,62,1958,2830,BATCH-202511-3268,2027-12-21
Ciprofloxacin 500mg - 20,Supplements,346,3956,5130,BATCH-202511-2493,2028-11-16
Amlodipine 1000mg - 91,First Aid,175,3747,5304,BATCH-202511-4877,2027-02-03
Diclofenac 250mg - 23,First Aid,157,1109,1554,BATCH-202511-7519,2028-08-14
Vitamin C 1000mg - 67,First Aid,197,2996,4186,BATCH-202511-1769,2028-05-26
Amoxicillin 1000mg - 13,Supplements,352,614,884,BATCH-202511-2379,2028-10-08
Bandages 250mg - 23,Supplements,96,3244,4502,BATCH-202511-5266,2026-12-02
Diclofenac 250mg - 62,Dermatology,266,1095,1377,BATCH-202511-8689,2027-12-08
Loratadine 1000mg - 30,Cardiovascular,446,3275,4634,BATCH-202511-7465,2028-09-24
Loratadine 250mg - 6,Vitamins,233,4710,5952,BATCH-202511-8253,2028-04-18
Vitamin C 1000mg - 41,Painkillers,177,1961,2633,BATCH-202511-1841,2028-10-09
Omeprazole 250mg - 69,First Aid,436,2018,2517,BATCH-202511-2085,2027-08-02
Ciprofloxacin 500mg - 38,Antibiotics,468,1535,1881,BATCH-202511-4400,2027-01-14
Amlodipine 1000mg - 4,Dermatology,203,3687,4990,BATCH-202511-8162,2027-08-10
Vitamin C 250mg - 7,Antibiotics,145,833,1094,BATCH-202511-4024,2027-04-18
Bandages 500mg - 42,Cardiovascular,122,2873,4066,BATCH-202511-2755,2028-09-26
Ciprofloxacin 1000mg - 97,Vitamins,387,286,346,BATCH-202511-5430,2028-10-08
Aspirin 1000mg - 19,Dermatology,290,2583,3429,BATCH-202511-5272,2028-04-06
Paracetamol 1000mg - 68,Dermatology,207,1819,2326,BATCH-202511-4886,2027-06-17
Loratadine 1000mg - 60,Antibiotics,411,4063,5634,BATCH-202511-1725,2027-04-02
Metformin 250mg - 64,Antibiotics,451,2903,4344,BATCH-202511-7131,2027-09-30
Aspirin 1000mg - 25,Vitamins,221,4577,6394,BATCH-202511-6373,2027-10-16
Loratadine 1000mg - 53,First Aid,392,1329,1626,BATCH-202511-6934,2027-10-15
Amlodipine 250mg - 18,Dermatology,302,1630,2417,BATCH-202511-4943,2027-03-07
Bandages 1000mg - 57,Supplements,340,1106,1590,BATCH-202511-3972,2027-02-14
Amoxicillin 1000mg - 13,Supplements,335,1762,2560,BATCH-202511-2395,2028-06-27
Metformin 250mg - 27,Cardiovascular,79,1404,1917,BATCH-202511-3713,2028-08-06
Paracetamol 250mg - 54,Painkillers,376,3262,4199,BATCH-202511-3291,2027-12-18
Cetirizine 1000mg - 68,Antibiotics,243,4183,5777,BATCH-202511-4460,2028-07-31
Omeprazole 1000mg - 39,Painkillers,181,3464,4580,BATCH-202511-9960,2028-11-23
Loratadine 1000mg - 27,Dermatology,337,3893,5276,BATCH-202511-8537,2027-02-13
Ciprofloxacin 250mg - 43,Vitamins,337,2219,2702,BATCH-202511-6051,2027-09-06
Cetirizine 500mg - 39,Painkillers,124,3618,4611,BATCH-202511-3182,2027-02-19
Aspirin 500mg - 55,Dermatology,326,3281,4497,BATCH-202511-2492,2027-12-30
Doxycycline 1000mg - 32,Vitamins,388,3713,4620,BATCH-202511-5682,2027-04-10
Paracetamol 1000mg - 13,Dermatology,469,144,210,BATCH-202511-9572,2028-08-14
Metformin 1000mg - 45,Cardiovascular,297,3290,4355,BATCH-202511-8819,2028-01-29
Ibuprofen 500mg - 57,Vitamins,269,4987,7139,BATCH-202511-9488,2028-11-28
Azithromycin 500mg - 95,Supplements,54,3627,4420,BATCH-202511-7499,2027-07-14
Doxycycline 250mg - 98,First Aid,486,1160,1718,BATCH-202511-6673,2028-07-13
Amoxicillin 500mg - 43,Vitamins,151,2073,2533,BATCH-202511-5072,2028-05-24
Paracetamol 250mg - 61,First Aid,311,3397,4960,BATCH-202511-1181,2028-03-29
Aspirin 500mg - 34,First Aid,285,2314,2856,BATCH-202511-7953,2027-09-14
Ciprofloxacin 250mg - 100,Dermatology,373,4917,7242,BATCH-202511-9780,2027-07-21
Bandages 250mg - 59,Dermatology,471,118,158,BATCH-202511-5460,2028-03-10
Vitamin C 250mg - 61,Supplements,477,3832,5692,BATCH-202511-5236,2027-05-08
Metformin 1000mg - 17,Vitamins,192,995,1244,BATCH-202511-4207,2027-09-20
Ciprofloxacin 500mg - 2,Supplements,333,3504,4319,BATCH-202511-9252,2027-09-30
Bandages 1000mg - 74,Cardiovascular,485,2775,3502,BATCH-202511-9278,2028-10-01
Omeprazole 500mg - 44,Dermatology,95,933,1160,BATCH-202511-6385,2027-03-08
Azithromycin 500mg - 31,Vitamins,258,756,1095,BATCH-202511-9992,2028-03-17
Cetirizine 250mg - 35,Antibiotics,344,2048,2849,BATCH-202511-9526,2026-12-08
Diclofenac 1000mg - 67,Antibiotics,120,1293,1730,BATCH-202511-6891,2028-03-19
Aspirin 250mg - 11,Cardiovascular,17,4336,6321,BATCH-202511-4590,2027-12-28
Metformin 1000mg - 33,Cardiovascular,327,2931,4173,BATCH-202511-6651,2027-04-04
Amoxicillin 250mg - 76,Cardiovascular,378,2517,3628,BATCH-202511-1001,2027-10-20
Amoxicillin 250mg - 83,Cardiovascular,448,572,836,BATCH-202511-5447,2027-06-27
Cetirizine 500mg - 95,Cardiovascular,231,4484,5814,BATCH-202511-6872,2027-03-18
Cetirizine 250mg - 24,First Aid,344,1918,2304,BATCH-202511-2846,2026-11-30
Omeprazole 500mg - 32,Antibiotics,311,4839,5958,BATCH-202511-1717,2027-07-22
Diclofenac 1000mg - 28,Supplements,201,4993,6831,BATCH-202511-8771,2027-07-14
Metformin 1000mg - 62,Dermatology,270,595,790,BATCH-202511-9231,2027-08-01
Amoxicillin 250mg - 78,Cardiovascular,325,2641,3443,BATCH-202511-8337,2027-07-02
Vitamin C 1000mg - 72,First Aid,30,3839,5465,BATCH-202511-8725,2027-04-13
Omeprazole 1000mg - 22,Antibiotics,177,124,168,BATCH-202511-4969,2028-11-17
Metformin 1000mg - 6,Dermatology,67,4703,5707,BATCH-202511-8756,2028-03-12
Omeprazole 1000mg - 62,Supplements,302,3723,5551,BATCH-202511-6634,2027-01-23
Bandages 500mg - 27,Painkillers,47,1167,1637,BATCH-202511-9800,2027-01-23
Diclofenac 250mg - 4,Dermatology,265,1043,1309,BATCH-202511-3914,2027-12-22
Amlodipine 500mg - 44,First Aid,372,1896,2761,BATCH-202511-9639,2028-04-24
Aspirin 250mg - 95,Dermatology,266,4057,6003,BATCH-202511-7298,2028-07-24
Cetirizine 250mg - 18,Antibiotics,103,3338,4549,BATCH-202511-1550,2028-05-31
Omeprazole 1000mg - 50,Painkillers,285,3275,4845,BATCH-202511-3342,2027-07-15
Amoxicillin 250mg - 34,Antibiotics,367,3362,4711,BATCH-202511-8345,2027-11-07
Amoxicillin 1000mg - 2,Cardiovascular,420,3812,5098,BATCH-202511-5054,2027-07-12
Bandages 250mg - 96,Antibiotics,67,680,903,BATCH-202511-2186,2027-06-04
Omeprazole 1000mg - 82,Cardiovascular,208,3953,5700,BATCH-202511-8857,2027-01-10
Amlodipine 1000mg - 21,Painkillers,167,1093,1377,BATCH-202511-6847,2026-12-06
Loratadine 250mg - 6,First Aid,253,3031,4363,BATCH-202511-2921,2027-08-09
Amoxicillin 250mg - 67,Supplements,299,3609,4955,BATCH-202511-4790,2027-09-27
Ciprofloxacin 500mg - 16,Supplements,34,2015,2889,BATCH-202511-4633,2028-07-20
Ciprofloxacin 1000mg - 91,Vitamins,246,4871,7179,BATCH-202511-3162,2027-09-27
Ciprofloxacin 250mg - 56,Dermatology,212,3519,4601,BATCH-202511-5706,2028-01-02
Azithromycin 500mg - 28,Cardiovascular,99,3796,4604,BATCH-202511-6163,2027-05-03
Loratadine 500mg - 26,Dermatology,48,1741,2327,BATCH-202511-5618,2028-06-03
Paracetamol 500mg - 54,Antibiotics,371,2262,3019,BATCH-202511-8167,2028-06-18
Diclofenac 500mg - 79,Supplements,497,3791,4770,BATCH-202511-1972,2028-09-08
Aspirin 1000mg - 57,Supplements,131,398,528,BATCH-202511-6984,2028-01-27
Ciprofloxacin 500mg - 56,Antibiotics,196,3786,5431,BATCH-202511-7421,2028-11-08
Amoxicillin 500mg - 93,Antibiotics,299,2880,4315,BATCH-202511-2114,2027-11-16
Vitamin C 250mg - 64,Dermatology,91,4039,5542,BATCH-202511-8137,2027-10-21
Azithromycin 1000mg - 2,Dermatology,284,3461,4880,BATCH-202511-3569,2028-05-16
Paracetamol 500mg - 36,Painkillers,269,114,154,BATCH-202511-6202,2028-05-02
Amoxicillin 500mg - 47,Antibiotics,382,3315,4139,BATCH-202511-1183,2028-04-06
Metformin 500mg - 24,Painkillers,38,2595,3575,BATCH-202511-4894,2027-03-30
Paracetamol 500mg - 10,Painkillers,493,4317,6435,BATCH-202511-4450,2028-07-31
Aspirin 1000mg - 38,Dermatology,165,1571,2098,BATCH-202511-8692,2027-05-18
Cetirizine 500mg - 91,Supplements,75,625,806,BATCH-202511-3143,2027-11-14
Paracetamol 500mg - 69,Antibiotics,280,3361,4660,BATCH-202511-1758,2027-06-25
Bandages 250mg - 28,Dermatology,25,2621,3661,BATCH-202511-9550,2026-12-05
Amoxicillin 1000mg - 3,Vitamins,383,1138,1390,BATCH-202511-7685,2027-08-17
Loratadine 1000mg - 52,Dermatology,214,3249,3931,BATCH-202511-4974,2027-02-28
Cetirizine 500mg - 81,Supplements,258,3748,5379,BATCH-202511-5371,2027-06-28
Cetirizine 500mg - 61,Dermatology,198,1091,1313,BATCH-202511-1943,2028-11-12
Diclofenac 1000mg - 15,Dermatology,423,585,708,BATCH-202511-3981,2028-05-13
Amlodipine 500mg - 48,Vitamins,198,551,804,BATCH-202511-6563,2027-12-16
Azithromycin 1000mg - 1,Cardiovascular,171,1567,2136,BATCH-202511-1682,2028-04-09
Aspirin 250mg - 73,First Aid,355,3780,5005,BATCH-202511-4110,2028-05-15
Aspirin 250mg - 71,Dermatology,460,4661,6944,BATCH-202511-4196,2028-01-31
Bandages 1000mg - 35,Cardiovascular,233,4067,4970,BATCH-202511-7570,2027-05-23
Omeprazole 500mg - 19,First Aid,97,4898,6278,BATCH-202511-4285,2027-12-09
Omeprazole 1000mg - 72,Antibiotics,133,2257,2799,BATCH-202511-6989,2027-12-01
Paracetamol 500mg - 96,Painkillers,279,3215,3918,BATCH-202511-1205,2028-06-23
Aspirin 250mg - 17,Dermatology,263,1998,2925,BATCH-202511-8712,2028-08-31
Ciprofloxacin 500mg - 74,Dermatology,19,2222,3204,BATCH-202511-2623,2027-12-01
Diclofenac 500mg - 50,Painkillers,340,2016,2685,BATCH-202511-8245,2027-02-11
Doxycycline 500mg - 89,Antibiotics,189,226,278,BATCH-202511-7316,2028-06-09
Amoxicillin 500mg - 40,Vitamins,157,3778,5486,BATCH-202511-4480,2027-08-28
Ibuprofen 500mg - 3,Painkillers,310,1390,2016,BATCH-202511-2391,2028-04-10
Omeprazole 500mg - 3,Painkillers,489,370,499,BATCH-202511-2156,2027-07-12
Paracetamol 1000mg - 17,First Aid,277,694,880,BATCH-202511-7674,2027-10-05
Loratadine 250mg - 18,Vitamins,266,652,812,BATCH-202511-1320,2027-03-08
Paracetamol 1000mg - 40,Cardiovascular,117,550,664,BATCH-202511-7581,2027-08-10
Aspirin 250mg - 80,Supplements,283,4620,5819,BATCH-202511-5763,2027-06-10
Azithromycin 250mg - 61,Painkillers,385,4836,7197,BATCH-202511-3570,2027-08-16
Doxycycline 250mg - 89,Dermatology,297,2888,4109,BATCH-202511-8946,2028-03-11
Ciprofloxacin 1000mg - 68,Cardiovascular,29,3738,5406,BATCH-202511-3787,2027-05-07
Bandages 1000mg - 51,Painkillers,252,1454,1999,BATCH-202511-9562,2028-10-16
Ibuprofen 500mg - 97,Supplements,298,3351,4778,BATCH-202511-8322,2028-07-04
Azithromycin 1000mg - 46,Vitamins,47,235,332,BATCH-202511-6671,2027-05-08
Paracetamol 500mg - 21,Antibiotics,496,2343,3353,BATCH-202511-3338,2028-05-14
Amoxicillin 1000mg - 65,First Aid,345,3629,4593,BATCH-202511-5460,2027-02-11
Bandages 1000mg - 15,Cardiovascular,293,4619,6186,BATCH-202511-5999,2028-07-11
Paracetamol 1000mg - 77,First Aid,189,2899,3730,BATCH-202511-5159,2028-03-26
Aspirin 500mg - 14,Supplements,329,1471,1983,BATCH-202511-6261,2027-01-27
Amoxicillin 500mg - 78,Supplements,340,1670,2050,BATCH-202511-7907,2027-09-26
Ciprofloxacin 500mg - 4,First Aid,273,967,1214,BATCH-202511-9943,2027-04-03
Diclofenac 250mg - 52,Painkillers,447,2208,3005,BATCH-202511-6330,2027-11-08
Amoxicillin 250mg - 88,Antibiotics,198,3241,3906,BATCH-202511-7755,2028-06-24
Doxycycline 250mg - 76,Painkillers,471,3809,5209,BATCH-202511-8523,2026-12-14
Ibuprofen 1000mg - 51,Painkillers,414,4698,5785,BATCH-202511-6981,2027-02-09
Metformin 500mg - 4,Antibiotics,291,3552,4983,BATCH-202511-7331,2027-07-07
Paracetamol 1000mg - 100,Supplements,344,3058,4192,BATCH-202511-5022,2028-07-01
Azithromycin 1000mg - 50,Dermatology,21,1592,2217,BATCH-202511-6489,2028-10-18
Omeprazole 1000mg - 18,Vitamins,372,2414,3331,BATCH-202511-6413,2027-09-30
Diclofenac 250mg - 91,Dermatology,201,831,1025,BATCH-202511-1342,2027-09-24
Aspirin 250mg - 90,Vitamins,389,1233,1573,BATCH-202511-1259,2027-03-02
Metformin 1000mg - 4,Antibiotics,190,1747,2366,BATCH-202511-6572,2027-01-22
Doxycycline 250mg - 68,Supplements,42,4533,5842,BATCH-202511-6085,2027-01-09
Vitamin C 1000mg - 95,First Aid,153,375,529,BATCH-202511-7786,2027-02-26
Doxycycline 250mg - 50,Antibiotics,387,1756,2409,BATCH-202511-5548,2028-10-12
Paracetamol 500mg - 49,Dermatology,499,4577,6774,BATCH-202511-5099,2027-08-13
Bandages 1000mg - 90,Antibiotics,168,2507,3388,BATCH-202511-7374,2028-01-11
Vitamin C 250mg - 12,Dermatology,296,1639,2029,BATCH-202511-7388,2027-01-07
Ibuprofen 1000mg - 62,Vitamins,359,1438,1942,BATCH-202511-1194,2028-01-11
Paracetamol 1000mg - 38,Supplements,474,2989,3771,BATCH-202511-8743,2027-07-24
Aspirin 500mg - 6,Vitamins,306,2734,3841,BATCH-202511-6241,2027-11-15
Amoxicillin 500mg - 74,Supplements,378,1419,1819,BATCH-202511-6382,2027-05-31
Doxycycline 500mg - 54,Vitamins,373,4730,6440,BATCH-202511-7498,2027-10-24
Omeprazole 250mg - 2,Supplements,256,2087,2727,BATCH-202511-3059,2027-06-27
Diclofenac 1000mg - 5,Dermatology,357,3911,5786,BATCH-202511-4973,2027-02-20
Amlodipine 250mg - 17,Vitamins,64,1929,2534,BATCH-202511-6992,2027-09-05
Amoxicillin 1000mg - 41,Vitamins,181,2194,2907,BATCH-202511-8406,2027-04-16
Ciprofloxacin 250mg - 47,Cardiovascular,47,3493,4927,BATCH-202511-8534,2027-06-05
Ciprofloxacin 250mg - 98,Vitamins,458,823,1088,BATCH-202511-8145,2027-06-13
Paracetamol 250mg - 41,Painkillers,180,657,960,BATCH-202511-6247,2028-10-06
Ciprofloxacin 250mg - 46,Vitamins,308,2073,3042,BATCH-202511-3136,2028-08-26
Amoxicillin 250mg - 84,Vitamins,369,940,1261,BATCH-202511-4272,2028-08-24
Amoxicillin 500mg - 63,Dermatology,420,1964,2830,BATCH-202511-5102,2028-10-05
Ibuprofen 1000mg - 32,Supplements,364,4454,5398,BATCH-202511-6337,2028-05-05
Omeprazole 250mg - 11,Dermatology,112,285,362,BATCH-202511-5603,2028-09-03
Amoxicillin 1000mg - 33,Painkillers,397,492,599,BATCH-202511-8211,2028-09-26
Metformin 500mg - 60,Antibiotics,46,4173,5026,BATCH-202511-7616,2027-11-29
Paracetamol 500mg - 90,First Aid,493,1314,1628,BATCH-202511-3883,2026-12-02
Bandages 500mg - 55,Supplements,213,856,1120,BATCH-202511-8490,2028-06-14
Metformin 500mg - 65,Antibiotics,255,1130,1610,BATCH-202511-5338,2028-06-02
Loratadine 1000mg - 2,Antibiotics,428,4924,6073,BATCH-202511-5124,2028-07-23
Ibuprofen 250mg - 76,First Aid,13,2899,3569,BATCH-202511-7077,2028-01-26
Aspirin 500mg - 46,Antibiotics,474,4418,6025,BATCH-202511-3834,2028-07-09
Loratadine 250mg - 89,Cardiovascular,412,1893,2333,BATCH-202511-5142,2027-08-25
Vitamin C 500mg - 44,Antibiotics,28,4674,6959,BATCH-202511-9489,2028-08-23
Doxycycline 500mg - 26,Painkillers,220,3918,5362,BATCH-202511-8477,2027-09-22
Paracetamol 1000mg - 40,Antibiotics,278,4067,5969,BATCH-202511-3759,2027-02-09
Vitamin C 1000mg - 45,Vitamins,178,3921,5646,BATCH-202511-5318,2027-11-02
Bandages 500mg - 84,Cardiovascular,161,575,805,BATCH-202511-4493,2028-06-30
Aspirin 1000mg - 98,First Aid,490,3242,4213,BATCH-202511-2525,2026-12-06
Loratadine 1000mg - 47,Supplements,342,1458,1854,BATCH-202511-4348,2027-03-19
Amlodipine 1000mg - 72,Cardiovascular,412,2929,4000,BATCH-202511-9837,2027-08-11
Azithromycin 500mg - 62,First Aid,22,3517,4318,BATCH-202511-2049,2027-07-03
Doxycycline 500mg - 89,Antibiotics,328,1436,1985,BATCH-202511-8363,2027-12-11
Metformin 1000mg - 51,Cardiovascular,428,2528,3347,BATCH-202511-8236,2027-08-12
Diclofenac 500mg - 24,Antibiotics,44,1062,1310,BATCH-202511-2196,2027-11-13
Loratadine 500mg - 90,Dermatology,461,3122,3906,BATCH-202511-3517,2027-05-26
Loratadine 1000mg - 64,Antibiotics,156,1873,2736,BATCH-202511-8744,2028-03-06
Diclofenac 500mg - 79,Antibiotics,301,4322,5397,BATCH-202511-1740,2027-06-04
Diclofenac 500mg - 17,Cardiovascular,106,3421,4606,BATCH-202511-4872,2027-02-18
Aspirin 250mg - 52,Vitamins,231,4720,6896,BATCH-202511-3607,2027-02-10
Ciprofloxacin 1000mg - 76,Antibiotics,327,1724,2128,BATCH-202511-6033,2028-05-30
Paracetamol 500mg - 8,Antibiotics,312,1849,2622,BATCH-202511-3372,2027-09-29
Bandages 1000mg - 59,Vitamins,448,1879,2484,BATCH-202511-1022,2028-01-23
Vitamin C 250mg - 42,First Aid,191,2984,4052,BATCH-202511-8194,2028-05-19
Amlodipine 500mg - 50,Cardiovascular,272,2113,2972,BATCH-202511-7614,2027-06-21
Omeprazole 500mg - 45,Painkillers,455,1981,2483,BATCH-202511-5319,2027-04-29
Diclofenac 500mg - 82,First Aid,65,2589,3693,BATCH-202511-1826,2027-12-31
Paracetamol 1000mg - 36,Supplements,164,4142,5873,BATCH-202511-1574,2027-01-15
Ibuprofen 250mg - 62,Painkillers,369,2909,4106,BATCH-202511-8518,2028-10-29
Azithromycin 1000mg - 34,Painkillers,117,2547,3816,BATCH-202511-3835,2028-04-01
Metformin 250mg - 67,Cardiovascular,259,3526,4313,BATCH-202511-1592,2027-07-03
Diclofenac 1000mg - 26,Supplements,351,4880,7097,BATCH-202511-7384,2027-11-24
Diclofenac 250mg - 6,Vitamins,149,2601,3263,BATCH-202511-4772,2027-07-05
Cetirizine 1000mg - 57,Antibiotics,218,2280,3274,BATCH-202511-6928,2027-04-01
Vitamin C 250mg - 12,Vitamins,98,1526,2008,BATCH-202511-9707,2027-12-13
Cetirizine 1000mg - 35,Painkillers,379,1171,1523,BATCH-202511-7269,2028-02-19
Ciprofloxacin 500mg - 88,Cardiovascular,164,3355,4338,BATCH-202511-1268,2027-12-07
Amoxicillin 1000mg - 53,Supplements,53,4186,5904,BATCH-202511-1830,2028-04-10
Bandages 250mg - 80,Dermatology,268,3587,4525,BATCH-202511-8026,2027-06-24
Ciprofloxacin 1000mg - 51,Painkillers,231,1802,2592,BATCH-202511-1544,2027-08-29
Omeprazole 250mg - 64,Painkillers,295,2998,4273,BATCH-202511-7430,2028-11-04
Omeprazole 250mg - 80,First Aid,464,3933,5369,BATCH-202511-6724,2027-04-28
Doxycycline 1000mg - 97,First Aid,434,217,302,BATCH-202511-2709,2028-07-08
Amoxicillin 1000mg - 73,First Aid,112,3881,5218,BATCH-202511-2910,2028-06-12
Omeprazole 250mg - 26,Vitamins,465,1995,2844,BATCH-202511-5190,2027-12-12
Loratadine 250mg - 56,Vitamins,205,996,1251,BATCH-202511-7530,2027-01-22
Diclofenac 1000mg - 77,Antibiotics,160,1488,2008,BATCH-202511-5697,2028-08-09
Ciprofloxacin 250mg - 68,Vitamins,258,4087,5025,BATCH-202511-8007,2028-07-09
Loratadine 250mg - 67,Vitamins,430,946,1381,BATCH-202511-5927,2027-10-17
Ciprofloxacin 1000mg - 49,Vitamins,454,2521,3689,BATCH-202511-3960,2027-10-31
Paracetamol 250mg - 45,Vitamins,29,1635,2343,BATCH-202511-1506,2028-04-06
Amlodipine 500mg - 100,First Aid,301,1303,1757,BATCH-202511-3724,2028-01-03
Ciprofloxacin 1000mg - 48,First Aid,473,2700,3755,BATCH-202511-4781,2028-10-23
Loratadine 1000mg - 46,Vitamins,491,2016,2699,BATCH-202511-3904,2027-02-25
Amlodipine 500mg - 35,Vitamins,354,3855,5325,BATCH-202511-8417,2027-01-08
Omeprazole 500mg - 44,First Aid,310,1606,2240,BATCH-202511-5987,2028-08-29
Amoxicillin 250mg - 57,Supplements,83,1092,1394,BATCH-202511-6927,2028-09-25
Bandages 500mg - 92,Dermatology,17,1503,2190,BATCH-202511-2431,2028-05-10
Ibuprofen 1000mg - 23,Vitamins,118,1551,1892,BATCH-202511-4374,2028-10-20
Bandages 500mg - 54,Antibiotics,418,4892,7330,BATCH-202511-2041,2027-09-27
Cetirizine 1000mg - 97,Supplements,321,1769,2302,BATCH-202511-8577,2028-10-24
Vitamin C 250mg - 58,Supplements,248,4924,6354,BATCH-202511-3522,2027-05-17
Amlodipine 500mg - 41,First Aid,26,1633,2177,BATCH-202511-1714,2027-01-01
Vitamin C 500mg - 26,Antibiotics,416,1053,1495,BATCH-202511-4954,2027-11-11
Aspirin 500mg - 68,Supplements,212,4997,6392,BATCH-202511-7842,2027-09-23
Diclofenac 250mg - 97,Antibiotics,328,2456,3039,BATCH-202511-7318,2028-05-13
Azithromycin 1000mg - 88,Dermatology,73,2581,3215,BATCH-202511-7929,2027-01-09
Amoxicillin 1000mg - 97,Painkillers,134,2265,3310,BATCH-202511-9223,2028-09-04
Amoxicillin 250mg - 21,Cardiovascular,79,4194,6168,BATCH-202511-9831,2028-01-25
Bandages 1000mg - 80,Supplements,226,1343,1647,BATCH-202511-6468,2028-02-24
Omeprazole 500mg - 23,Supplements,495,1147,1576,BATCH-202511-1796,2028-04-03
Omeprazole 500mg - 4,Antibiotics,159,4129,5636,BATCH-202511-9798,2027-07-04
Paracetamol 250mg - 17,Antibiotics,326,3782,4741,BATCH-202511-2465,2028-06-13
Paracetamol 250mg - 30,Antibiotics,492,3492,4949,BATCH-202511-6123,2027-10-10
Vitamin C 1000mg - 12,Vitamins,377,263,324,BATCH-202511-6688,2027-11-02
Loratadine 250mg - 9,Cardiovascular,73,836,1046,BATCH-202511-4544,2028-09-01
Omeprazole 1000mg - 55,Painkillers,126,2156,3052,BATCH-202511-2194,2028-01-04
Ibuprofen 500mg - 92,Cardiovascular,259,132,186,BATCH-202511-3979,2028-08-16
Amlodipine 1000mg - 37,Antibiotics,251,3343,4208,BATCH-202511-9686,2027-07-20
Azithromycin 500mg - 58,Antibiotics,231,2944,4060,BATCH-202511-2278,2027-06-19
Azithromycin 500mg - 89,Vitamins,53,529,643,BATCH-202511-4068,2027-01-03
Amoxicillin 1000mg - 64,Dermatology,443,1744,2545,BATCH-202511-9331,2028-05-22
Amoxicillin 1000mg - 62,First Aid,356,1386,1983,BATCH-202511-1289,2027-04-01
Omeprazole 500mg - 55,Vitamins,189,3433,4271,BATCH-202511-1369,2028-09-19
Ciprofloxacin 500mg - 27,Vitamins,114,1761,2147,BATCH-202511-6610,2028-05-11
Metformin 500mg - 21,First Aid,101,4279,5622,BATCH-202511-3882,2028-03-24
Diclofenac 500mg - 28,Antibiotics,114,3204,4043,BATCH-202511-2978,2027-01-04
Vitamin C 1000mg - 1,Antibiotics,64,2438,3544,BATCH-202511-7532,2027-07-07
Bandages 1000mg - 81,Vitamins,222,1912,2840,BATCH-202511-2028,2027-11-07
Doxycycline 1000mg - 14,Antibiotics,353,4079,4977,BATCH-202511-1286,2027-04-01
Diclofenac 1000mg - 95,Antibiotics,19,2584,3554,BATCH-202511-3425,2028-04-24
Ciprofloxacin 1000mg - 45,Supplements,38,2814,4186,BATCH-202511-3526,2028-11-19
Diclofenac 500mg - 52,Painkillers,157,638,769,BATCH-202511-3742,2028-05-11
Ciprofloxacin 1000mg - 2,Dermatology,435,4521,6532,BATCH-202511-6003,2027-09-28
Omeprazole 500mg - 100,First Aid,109,2838,4005,BATCH-202511-3766,2028-01-28
Ciprofloxacin 500mg - 33,Supplements,47,624,855,BATCH-202511-4220,2027-08-31
Amlodipine 1000mg - 38,First Aid,427,2176,3251,BATCH-202511-9622,2028-08-17
Azithromycin 250mg - 68,Vitamins,371,132,180,BATCH-202511-2600,2028-08-10
Loratadine 250mg - 11,Cardiovascular,460,1113,1434,BATCH-202511-4220,2027-01-17
Aspirin 250mg - 48,Antibiotics,255,1050,1343,BATCH-202511-6419,2028-09-13
Amlodipine 500mg - 26,Dermatology,452,4831,6543,BATCH-202511-7121,2028-07-11
Vitamin C 500mg - 62,Vitamins,102,4694,6419,BATCH-202511-9911,2028-01-28
Diclofenac 1000mg - 11,Painkillers,321,1390,1790,BATCH-202511-8688,2027-08-24
Amlodipine 250mg - 84,Dermatology,402,561,742,BATCH-202511-3335,2028-11-06
Ciprofloxacin 250mg - 35,Dermatology,224,4913,6085,BATCH-202511-9000,2027-03-29
Doxycycline 250mg - 40,Painkillers,82,924,1335,BATCH-202511-7113,2028-09-11
Paracetamol 250mg - 87,Painkillers,20,4876,7066,BATCH-202511-6882,2027-06-18
Bandages 250mg - 75,Dermatology,491,373,459,BATCH-202511-7353,2027-07-29
Loratadine 500mg - 52,First Aid,91,772,1021,BATCH-202511-4895,2027-04-21
Amlodipine 250mg - 80,Cardiovascular,64,3717,5568,BATCH-202511-4946,2028-06-17
Azithromycin 250mg - 73,Dermatology,85,4631,6486,BATCH-202511-3489,2028-03-09
Paracetamol 250mg - 30,Cardiovascular,254,2563,3179,BATCH-202511-6944,2026-12-05
Omeprazole 250mg - 71,First Aid,376,2392,3228,BATCH-202511-8584,2028-05-23
Metformin 500mg - 27,Antibiotics,111,406,499,BATCH-202511-5727,2027-10-08
Metformin 500mg - 95,Vitamins,342,1583,2195,BATCH-202511-4398,2028-10-27
Loratadine 250mg - 39,Antibiotics,316,2830,3919,BATCH-202511-5956,2028-11-25
Amoxicillin 500mg - 11,Dermatology,96,4827,7210,BATCH-202511-8320,2028-08-05
Paracetamol 250mg - 70,Cardiovascular,252,347,469,BATCH-202511-4775,2028-03-05
Amoxicillin 1000mg - 81,Cardiovascular,442,3120,4174,BATCH-202511-1769,2027-11-29
Vitamin C 500mg - 29,First Aid,144,1209,1807,BATCH-202511-4176,2028-10-14
Ibuprofen 250mg - 84,Painkillers,465,2839,3458,BATCH-202511-4877,2027-04-25
Amoxicillin 500mg - 96,Supplements,230,3841,5252,BATCH-202511-1671,2027-01-06
Bandages 500mg - 89,Antibiotics,242,3065,3929,BATCH-202511-9697,2028-09-07
Omeprazole 250mg - 94,Painkillers,15,1825,2347,BATCH-202511-5847,2027-07-31
Loratadine 1000mg - 18,Painkillers,100,4352,6283,BATCH-202511-3657,2027-04-13
Metformin 1000mg - 12,Supplements,207,2475,3227,BATCH-202511-4891,2027-09-10
Amoxicillin 250mg - 99,Vitamins,208,2403,3278,BATCH-202511-9008,2028-02-15
Amlodipine 1000mg - 60,Painkillers,349,1749,2510,BATCH-202511-4892,2027-05-26
Loratadine 500mg - 95,Supplements,126,985,1250,BATCH-202511-9575,2028-10-08
Ibuprofen 500mg - 43,Painkillers,57,1546,2302,BATCH-202511-1085,2028-01-30
Aspirin 250mg - 46,Vitamins,144,3055,4201,BATCH-202511-1470,2028-11-03
Amlodipine 500mg - 78,Dermatology,413,2469,3626,BATCH-202511-5793,2028-04-07
Metformin 250mg - 28,Antibiotics,26,2370,2889,BATCH-202511-5556,2028-06-07
Vitamin C 500mg - 18,Supplements,264,3159,4733,BATCH-202511-3102,2028-04-01
Vitamin C 1000mg - 27,Supplements,389,2200,2787,BATCH-202511-4006,2028-07-18
Vitamin C 250mg - 15,Vitamins,18,3254,4108,BATCH-202511-6492,2027-07-16
Amoxicillin 1000mg - 53,Painkillers,28,3178,4140,BATCH-202511-2270,2028-08-24
Aspirin 500mg - 30,Supplements,57,2450,3441,BATCH-202511-1914,2027-10-26
Aspirin 250mg - 70,Cardiovascular,425,1323,1635,BATCH-202511-1090,2028-06-12
Loratadine 250mg - 75,Vitamins,118,4373,5343,BATCH-202511-5239,2027-10-24
Loratadine 250mg - 67,Vitamins,197,699,1040,BATCH-202511-9713,2027-08-06
Doxycycline 1000mg - 41,Vitamins,116,2360,3235,BATCH-202511-8400,2027-06-09
Bandages 1000mg - 75,First Aid,413,4298,5301,BATCH-202511-2328,2026-12-26
Ciprofloxacin 1000mg - 91,Antibiotics,494,3760,5404,BATCH-202511-7806,2028-04-22
Omeprazole 250mg - 22,Vitamins,463,4480,5547,BATCH-202511-7648,2028-05-02
Ibuprofen 1000mg - 80,First Aid,227,506,685,BATCH-202511-7172,2028-09-10
Vitamin C 250mg - 25,Vitamins,379,3414,4728,BATCH-202511-2620,2028-05-28
Azithromycin 1000mg - 79,Vitamins,427,3275,4737,BATCH-202511-3201,2027-05-23
Azithromycin 250mg - 72,Dermatology,229,4516,5540,BATCH-202511-6264,2027-04-29
Cetirizine 1000mg - 83,Vitamins,66,2728,3439,BATCH-202511-3161,2026-12-04
Doxycycline 1000mg - 76,Antibiotics,117,2489,3697,BATCH-202511-9289,2027-02-21
Azithromycin 1000mg - 54,Supplements,485,3017,3929,BATCH-202511-2689,2026-12-27
Metformin 500mg - 78,Supplements,446,1398,1684,BATCH-202511-3865,2027-08-17
Ciprofloxacin 1000mg - 5,Painkillers,391,3082,3982,BATCH-202511-3301,2027-07-29
Vitamin C 500mg - 8,Antibiotics,203,2357,3319,BATCH-202511-5900,2028-01-06
Omeprazole 250mg - 69,Cardiovascular,252,2708,3653,BATCH-202511-7967,2028-01-19
Ciprofloxacin 250mg - 19,Cardiovascular,77,4970,6230,BATCH-202511-8093,2028-02-10
Ibuprofen 250mg - 98,First Aid,429,892,1266,BATCH-202511-3523,2028-09-21
Metformin 1000mg - 28,Painkillers,257,3814,4748,BATCH-202511-5052,2027-10-18
Ibuprofen 500mg - 92,Supplements,380,1032,1460,BATCH-202511-5933,2028-07-14
Metformin 250mg - 23,Supplements,143,2485,3483,BATCH-202511-2830,2026-12-09
Metformin 500mg - 65,Cardiovascular,125,4776,6846,BATCH-202511-6230,2027-03-27
Ibuprofen 500mg - 4,Supplements,269,1062,1445,BATCH-202511-6550,2028-05-22
Amlodipine 500mg - 17,Supplements,443,3186,4569,BATCH-202511-5027,2028-08-09
Ibuprofen 1000mg - 16,Painkillers,47,2587,3697,BATCH-202511-3563,2027-04-07
Loratadine 1000mg - 77,Vitamins,293,4092,6131,BATCH-202511-5423,2027-01-12
Paracetamol 1000mg - 30,Cardiovascular,310,4039,5975,BATCH-202511-2889,2028-02-10
Omeprazole 500mg - 21,Cardiovascular,332,1267,1895,BATCH-202511-7795,2027-02-16
Vitamin C 250mg - 33,Dermatology,307,1389,1735,BATCH-202511-8315,2028-08-08
Azithromycin 500mg - 95,Vitamins,203,857,1215,BATCH-202511-1845,2027-10-09
Azithromycin 250mg - 57,Cardiovascular,212,1044,1467,BATCH-202511-5228,2028-07-01
Ibuprofen 250mg - 96,Vitamins,239,4870,6052,BATCH-202511-2852,2028-08-06
Vitamin C 1000mg - 96,Vitamins,384,1863,2596,BATCH-202511-6967,2028-05-17
Azithromycin 250mg - 11,Cardiovascular,207,387,532,BATCH-202511-6562,2027-07-11
Bandages 1000mg - 66,Antibiotics,266,835,1031,BATCH-202511-3244,2028-06-05
Azithromycin 250mg - 12,Supplements,392,3109,4413,BATCH-202511-2737,2026-12-20
Loratadine 1000mg - 89,Painkillers,353,4501,6635,BATCH-202511-3146,2028-08-23
Vitamin C 250mg - 50,Antibiotics,19,737,891,BATCH-202511-8912,2028-11-06
Ciprofloxacin 250mg - 21,Cardiovascular,141,2521,3316,BATCH-202511-7107,2027-03-26
Amlodipine 1000mg - 46,Painkillers,343,1997,2800,BATCH-202511-1567,2027-09-29
Aspirin 500mg - 91,Dermatology,323,3334,4716,BATCH-202511-6926,2028-09-20
Omeprazole 1000mg - 54,Dermatology,420,4703,7005,BATCH-202511-1783,2027-05-14
Cetirizine 1000mg - 61,First Aid,417,1238,1516,BATCH-202511-4745,2027-12-31
Cetirizine 250mg - 65,Vitamins,152,4786,6456,BATCH-202511-8900,2028-03-14
Cetirizine 1000mg - 81,Vitamins,470,2023,2445,BATCH-202511-2555,2028-10-03
Diclofenac 1000mg - 35,Vitamins,454,2809,3801,BATCH-202511-2440,2027-09-13
